Workbook
Name 勤務時間: #REF!
Name 現場名曜日: #REF!
Name ランク: '金額'!$A$32:$A$38
Name 時間数: '金額'!$H$3:$H$28
Name 水: #REF!
Name 祝日リスト: #REF!
Name 出勤退勤時間: #REF!
Name 祝前日: #REF!
Name 月: #REF!
Name 店舗名: #REF!
Name 現場名: #REF!
Name 日: #REF!
Name 時間数: #REF!
Name 木: #REF!
Name 金: #REF!
Name 曜日: #REF!
Name 曜日: #REF!
Name 登録名: '外注連絡票'!$D$7:$D$93
Name 勤務時間: '金額'!$I$3:$I$28
Name 氏名: '1.入力表'!$F$4
Name 現場名曜日: '金額'!$B$3:$B$28
Name 氏名: '2.入力表'!$G$4
Name 祝前日リスト: #REF!
Name 火: #REF!
Name 土: #REF!
Name 時給表: #REF!
Name 案件名: #REF!
Name リスト全体: '外注連絡票'!$C$7:$P$93
Name ラウンドバー合計日数: #REF!

Sheet 1.入力表
N2: 支払総計 | O2: =$O$7+$P$7 -> 0
C6: 日程 | D6: 曜日 | E6: 現場 | F6: 案件名 | H6: 勤務時間 | I6: 実働 | J6: 詳細 | L6: 時給 | M6: UP給 | N6: 日給 | O6: 案件単価 | P6: 交通費
B7: =IF($K7="","",(VLOOKUP($K7,'判定表'!$B$3:$G$105,6,FALSE))) | C7: 合計 | F7: =SUBTOTAL(3, F8:F1677) -> 0 | I7: =SUBTOTAL(9, I8:I1677) -> 0 | L7: 合計 | M7: =SUBTOTAL(9, M8:M1677) -> 0 | N7: =SUBTOTAL(9, N8:N1677) -> 0 | O7: =SUBTOTAL(9, O8:O1677) -> 0 | P7: =SUBTOTAL(9,P8:P1677) -> 0
B8: =IF($K8="","",(VLOOKUP($K8,'判定表'!$B$3:$G$105,6,FALSE))) | D8: =IF(C8="","",upper(TEXT(C8, "DDD"))) | E8: =IF(F8="","",VLOOKUP($F8,'金額'!$B$3:$K$44,10,FALSE)) | G8: =IF($F8="","",(VLOOKUP($F8,'金額'!$B$3:$E$114,2,FALSE))) | H8: =IF(F8="","",VLOOKUP($F8,'金額'!$B$3:$I$44,8,FALSE)) | I8: =IF(F8="","",VLOOKUP($F8,'金額'!$B$3:$I$44,7,FALSE)) | L8: =IF($I8="","",IF(AND($B8="K",$E8="KTN"),2000,IF(AND($B8="K",$E8="WHZ"),2000,IF($E8="MAHA",1500,IF($G8=0,(VLOOKUP($K8,'判定表'!$B$3:$G$96,2,FALSE)),0))))) | M8: =IF($K8="","",IF($E8="ANC",(VLOOKUP($K8,'判定表'!$B$3:$G$95,3,FALSE)),IF(OR($E8="KTN",$E8="WHZ"),(VLOOKUP($K8,'判定表'!$B$3:$G$95,4,FALSE)*I8),0))) | N8: =IF($I8="","",IF($K8="","",IF($G8=1,(VLOOKUP($F8,'金額'!$B$3:$J$114,3,FALSE)),0))) | O8: =IF(F8="","",(L8*I8+M8+N8)) | P8: =IF($K8="","",IF($E8="KTN",(VLOOKUP($K8,'判定表'!$B$3:$I$95,8,FALSE)),IF($I8="","",(VLOOKUP($F8,'金額'!$B$3:$J$114,9,FALSE)))))
B9: =IF($K9="","",(VLOOKUP($K9,'判定表'!$B$3:$G$105,6,FALSE))) | D9: =IF(C9="","",upper(TEXT(C9, "DDD"))) | E9: =IF(F9="","",VLOOKUP($F9,'金額'!$B$3:$K$44,10,FALSE)) | G9: =IF($F9="","",(VLOOKUP($F9,'金額'!$B$3:$E$114,2,FALSE))) | H9: =IF(F9="","",VLOOKUP($F9,'金額'!$B$3:$I$44,8,FALSE)) | I9: =IF(F9="","",VLOOKUP($F9,'金額'!$B$3:$I$44,7,FALSE)) | L9: =IF($I9="","",IF(AND($B9="K",$E9="KTN"),2000,IF(AND($B9="K",$E9="WHZ"),2000,IF($E9="MAHA",1500,IF($G9=0,(VLOOKUP($K9,'判定表'!$B$3:$G$96,2,FALSE)),0))))) | M9: =IF($K9="","",IF($E9="ANC",(VLOOKUP($K9,'判定表'!$B$3:$G$95,3,FALSE)),IF(OR($E9="KTN",$E9="WHZ"),(VLOOKUP($K9,'判定表'!$B$3:$G$95,4,FALSE)*I9),0))) | N9: =IF($I9="","",IF($K9="","",IF($G9=1,(VLOOKUP($F9,'金額'!$B$3:$J$114,3,FALSE)),0))) | O9: =IF(F9="","",(L9*I9+M9+N9)) | P9: =IF($K9="","",IF($E9="KTN",(VLOOKUP($K9,'判定表'!$B$3:$I$95,8,FALSE)),IF($I9="","",(VLOOKUP($F9,'金額'!$B$3:$J$114,9,FALSE)))))
B10: =IF($K10="","",(VLOOKUP($K10,'判定表'!$B$3:$G$105,6,FALSE))) | D10: =IF(C10="","",upper(TEXT(C10, "DDD"))) | E10: =IF(F10="","",VLOOKUP($F10,'金額'!$B$3:$K$44,10,FALSE)) | G10: =IF($F10="","",(VLOOKUP($F10,'金額'!$B$3:$E$114,2,FALSE))) | H10: =IF(F10="","",VLOOKUP($F10,'金額'!$B$3:$I$44,8,FALSE)) | I10: =IF(F10="","",VLOOKUP($F10,'金額'!$B$3:$I$44,7,FALSE)) | L10: =IF($I10="","",IF(AND($B10="K",$E10="KTN"),2000,IF(AND($B10="K",$E10="WHZ"),2000,IF($E10="MAHA",1500,IF($G10=0,(VLOOKUP($K10,'判定表'!$B$3:$G$96,2,FALSE)),0))))) | M10: =IF($K10="","",IF($E10="ANC",(VLOOKUP($K10,'判定表'!$B$3:$G$95,3,FALSE)),IF(OR($E10="KTN",$E10="WHZ"),(VLOOKUP($K10,'判定表'!$B$3:$G$95,4,FALSE)*I10),0))) | N10: =IF($I10="","",IF($K10="","",IF($G10=1,(VLOOKUP($F10,'金額'!$B$3:$J$114,3,FALSE)),0))) | O10: =IF(F10="","",(L10*I10+M10+N10)) | P10: =IF($K10="","",IF($E10="KTN",(VLOOKUP($K10,'判定表'!$B$3:$I$95,8,FALSE)),IF($I10="","",(VLOOKUP($F10,'金額'!$B$3:$J$114,9,FALSE)))))
B11: =IF($K11="","",(VLOOKUP($K11,'判定表'!$B$3:$G$105,6,FALSE))) | D11: =IF(C11="","",upper(TEXT(C11, "DDD"))) | E11: =IF(F11="","",VLOOKUP($F11,'金額'!$B$3:$K$44,10,FALSE)) | G11: =IF($F11="","",(VLOOKUP($F11,'金額'!$B$3:$E$114,2,FALSE))) | H11: =IF(F11="","",VLOOKUP($F11,'金額'!$B$3:$I$44,8,FALSE)) | I11: =IF(F11="","",VLOOKUP($F11,'金額'!$B$3:$I$44,7,FALSE)) | L11: =IF($I11="","",IF(AND($B11="K",$E11="KTN"),2000,IF(AND($B11="K",$E11="WHZ"),2000,IF($E11="MAHA",1500,IF($G11=0,(VLOOKUP($K11,'判定表'!$B$3:$G$96,2,FALSE)),0))))) | M11: =IF($K11="","",IF($E11="ANC",(VLOOKUP($K11,'判定表'!$B$3:$G$95,3,FALSE)),IF(OR($E11="KTN",$E11="WHZ"),(VLOOKUP($K11,'判定表'!$B$3:$G$95,4,FALSE)*I11),0))) | N11: =IF($I11="","",IF($K11="","",IF($G11=1,(VLOOKUP($F11,'金額'!$B$3:$J$114,3,FALSE)),0))) | O11: =IF(F11="","",(L11*I11+M11+N11)) | P11: =IF($K11="","",IF($E11="KTN",(VLOOKUP($K11,'判定表'!$B$3:$I$95,8,FALSE)),IF($I11="","",(VLOOKUP($F11,'金額'!$B$3:$J$114,9,FALSE)))))
B12: =IF($K12="","",(VLOOKUP($K12,'判定表'!$B$3:$G$105,6,FALSE))) | D12: =IF(C12="","",upper(TEXT(C12, "DDD"))) | E12: =IF(F12="","",VLOOKUP($F12,'金額'!$B$3:$K$44,10,FALSE)) | G12: =IF($F12="","",(VLOOKUP($F12,'金額'!$B$3:$E$114,2,FALSE))) | H12: =IF(F12="","",VLOOKUP($F12,'金額'!$B$3:$I$44,8,FALSE)) | I12: =IF(F12="","",VLOOKUP($F12,'金額'!$B$3:$I$44,7,FALSE)) | L12: =IF($I12="","",IF(AND($B12="K",$E12="KTN"),2000,IF(AND($B12="K",$E12="WHZ"),2000,IF($E12="MAHA",1500,IF($G12=0,(VLOOKUP($K12,'判定表'!$B$3:$G$96,2,FALSE)),0))))) | M12: =IF($K12="","",IF($E12="ANC",(VLOOKUP($K12,'判定表'!$B$3:$G$95,3,FALSE)),IF(OR($E12="KTN",$E12="WHZ"),(VLOOKUP($K12,'判定表'!$B$3:$G$95,4,FALSE)*I12),0))) | N12: =IF($I12="","",IF($K12="","",IF($G12=1,(VLOOKUP($F12,'金額'!$B$3:$J$114,3,FALSE)),0))) | O12: =IF(F12="","",(L12*I12+M12+N12)) | P12: =IF($K12="","",IF($E12="KTN",(VLOOKUP($K12,'判定表'!$B$3:$I$95,8,FALSE)),IF($I12="","",(VLOOKUP($F12,'金額'!$B$3:$J$114,9,FALSE)))))
B13: =IF($K13="","",(VLOOKUP($K13,'判定表'!$B$3:$G$105,6,FALSE))) | D13: =IF(C13="","",upper(TEXT(C13, "DDD"))) | E13: =IF(F13="","",VLOOKUP($F13,'金額'!$B$3:$K$44,10,FALSE)) | G13: =IF($F13="","",(VLOOKUP($F13,'金額'!$B$3:$E$114,2,FALSE))) | H13: =IF(F13="","",VLOOKUP($F13,'金額'!$B$3:$I$44,8,FALSE)) | I13: =IF(F13="","",VLOOKUP($F13,'金額'!$B$3:$I$44,7,FALSE)) | L13: =IF($I13="","",IF(AND($B13="K",$E13="KTN"),2000,IF(AND($B13="K",$E13="WHZ"),2000,IF($E13="MAHA",1500,IF($G13=0,(VLOOKUP($K13,'判定表'!$B$3:$G$96,2,FALSE)),0))))) | M13: =IF($K13="","",IF($E13="ANC",(VLOOKUP($K13,'判定表'!$B$3:$G$95,3,FALSE)),IF(OR($E13="KTN",$E13="WHZ"),(VLOOKUP($K13,'判定表'!$B$3:$G$95,4,FALSE)*I13),0))) | N13: =IF($I13="","",IF($K13="","",IF($G13=1,(VLOOKUP($F13,'金額'!$B$3:$J$114,3,FALSE)),0))) | O13: =IF(F13="","",(L13*I13+M13+N13)) | P13: =IF($K13="","",IF($E13="KTN",(VLOOKUP($K13,'判定表'!$B$3:$I$95,8,FALSE)),IF($I13="","",(VLOOKUP($F13,'金額'!$B$3:$J$114,9,FALSE)))))
B14: =IF($K14="","",(VLOOKUP($K14,'判定表'!$B$3:$G$105,6,FALSE))) | D14: =IF(C14="","",upper(TEXT(C14, "DDD"))) | E14: =IF(F14="","",VLOOKUP($F14,'金額'!$B$3:$K$44,10,FALSE)) | G14: =IF($F14="","",(VLOOKUP($F14,'金額'!$B$3:$E$114,2,FALSE))) | H14: =IF(F14="","",VLOOKUP($F14,'金額'!$B$3:$I$44,8,FALSE)) | I14: =IF(F14="","",VLOOKUP($F14,'金額'!$B$3:$I$44,7,FALSE)) | L14: =IF($I14="","",IF(AND($B14="K",$E14="KTN"),2000,IF(AND($B14="K",$E14="WHZ"),2000,IF($E14="MAHA",1500,IF($G14=0,(VLOOKUP($K14,'判定表'!$B$3:$G$96,2,FALSE)),0))))) | M14: =IF($K14="","",IF($E14="ANC",(VLOOKUP($K14,'判定表'!$B$3:$G$95,3,FALSE)),IF(OR($E14="KTN",$E14="WHZ"),(VLOOKUP($K14,'判定表'!$B$3:$G$95,4,FALSE)*I14),0))) | N14: =IF($I14="","",IF($K14="","",IF($G14=1,(VLOOKUP($F14,'金額'!$B$3:$J$114,3,FALSE)),0))) | O14: =IF(F14="","",(L14*I14+M14+N14)) | P14: =IF($K14="","",IF($E14="KTN",(VLOOKUP($K14,'判定表'!$B$3:$I$95,8,FALSE)),IF($I14="","",(VLOOKUP($F14,'金額'!$B$3:$J$114,9,FALSE)))))
B15: =IF($K15="","",(VLOOKUP($K15,'判定表'!$B$3:$G$105,6,FALSE))) | D15: =IF(C15="","",upper(TEXT(C15, "DDD"))) | E15: =IF(F15="","",VLOOKUP($F15,'金額'!$B$3:$K$44,10,FALSE)) | G15: =IF($F15="","",(VLOOKUP($F15,'金額'!$B$3:$E$114,2,FALSE))) | H15: =IF(F15="","",VLOOKUP($F15,'金額'!$B$3:$I$44,8,FALSE)) | I15: =IF(F15="","",VLOOKUP($F15,'金額'!$B$3:$I$44,7,FALSE)) | L15: =IF($I15="","",IF(AND($B15="K",$E15="KTN"),2000,IF(AND($B15="K",$E15="WHZ"),2000,IF($E15="MAHA",1500,IF($G15=0,(VLOOKUP($K15,'判定表'!$B$3:$G$96,2,FALSE)),0))))) | M15: =IF($K15="","",IF($E15="ANC",(VLOOKUP($K15,'判定表'!$B$3:$G$95,3,FALSE)),IF(OR($E15="KTN",$E15="WHZ"),(VLOOKUP($K15,'判定表'!$B$3:$G$95,4,FALSE)*I15),0))) | N15: =IF($I15="","",IF($K15="","",IF($G15=1,(VLOOKUP($F15,'金額'!$B$3:$J$114,3,FALSE)),0))) | O15: =IF(F15="","",(L15*I15+M15+N15)) | P15: =IF($K15="","",IF($E15="KTN",(VLOOKUP($K15,'判定表'!$B$3:$I$95,8,FALSE)),IF($I15="","",(VLOOKUP($F15,'金額'!$B$3:$J$114,9,FALSE)))))
B16: =IF($K16="","",(VLOOKUP($K16,'判定表'!$B$3:$G$105,6,FALSE))) | D16: =IF(C16="","",upper(TEXT(C16, "DDD"))) | E16: =IF(F16="","",VLOOKUP($F16,'金額'!$B$3:$K$44,10,FALSE)) | G16: =IF($F16="","",(VLOOKUP($F16,'金額'!$B$3:$E$114,2,FALSE))) | H16: =IF(F16="","",VLOOKUP($F16,'金額'!$B$3:$I$44,8,FALSE)) | I16: =IF(F16="","",VLOOKUP($F16,'金額'!$B$3:$I$44,7,FALSE)) | L16: =IF($I16="","",IF(AND($B16="K",$E16="KTN"),2000,IF(AND($B16="K",$E16="WHZ"),2000,IF($E16="MAHA",1500,IF($G16=0,(VLOOKUP($K16,'判定表'!$B$3:$G$96,2,FALSE)),0))))) | M16: =IF($K16="","",IF($E16="ANC",(VLOOKUP($K16,'判定表'!$B$3:$G$95,3,FALSE)),IF(OR($E16="KTN",$E16="WHZ"),(VLOOKUP($K16,'判定表'!$B$3:$G$95,4,FALSE)*I16),0))) | N16: =IF($I16="","",IF($K16="","",IF($G16=1,(VLOOKUP($F16,'金額'!$B$3:$J$114,3,FALSE)),0))) | O16: =IF(F16="","",(L16*I16+M16+N16)) | P16: =IF($K16="","",IF($E16="KTN",(VLOOKUP($K16,'判定表'!$B$3:$I$95,8,FALSE)),IF($I16="","",(VLOOKUP($F16,'金額'!$B$3:$J$114,9,FALSE)))))
B17: =IF($K17="","",(VLOOKUP($K17,'判定表'!$B$3:$G$105,6,FALSE))) | D17: =IF(C17="","",upper(TEXT(C17, "DDD"))) | E17: =IF(F17="","",VLOOKUP($F17,'金額'!$B$3:$K$44,10,FALSE)) | G17: =IF($F17="","",(VLOOKUP($F17,'金額'!$B$3:$E$114,2,FALSE))) | H17: =IF(F17="","",VLOOKUP($F17,'金額'!$B$3:$I$44,8,FALSE)) | I17: =IF(F17="","",VLOOKUP($F17,'金額'!$B$3:$I$44,7,FALSE)) | L17: =IF($I17="","",IF(AND($B17="K",$E17="KTN"),2000,IF(AND($B17="K",$E17="WHZ"),2000,IF($E17="MAHA",1500,IF($G17=0,(VLOOKUP($K17,'判定表'!$B$3:$G$96,2,FALSE)),0))))) | M17: =IF($K17="","",IF($E17="ANC",(VLOOKUP($K17,'判定表'!$B$3:$G$95,3,FALSE)),IF(OR($E17="KTN",$E17="WHZ"),(VLOOKUP($K17,'判定表'!$B$3:$G$95,4,FALSE)*I17),0))) | N17: =IF($I17="","",IF($K17="","",IF($G17=1,(VLOOKUP($F17,'金額'!$B$3:$J$114,3,FALSE)),0))) | O17: =IF(F17="","",(L17*I17+M17+N17)) | P17: =IF($K17="","",IF($E17="KTN",(VLOOKUP($K17,'判定表'!$B$3:$I$95,8,FALSE)),IF($I17="","",(VLOOKUP($F17,'金額'!$B$3:$J$114,9,FALSE)))))
B18: =IF($K18="","",(VLOOKUP($K18,'判定表'!$B$3:$G$105,6,FALSE))) | D18: =IF(C18="","",upper(TEXT(C18, "DDD"))) | E18: =IF(F18="","",VLOOKUP($F18,'金額'!$B$3:$K$44,10,FALSE)) | G18: =IF($F18="","",(VLOOKUP($F18,'金額'!$B$3:$E$114,2,FALSE))) | H18: =IF(F18="","",VLOOKUP($F18,'金額'!$B$3:$I$44,8,FALSE)) | I18: =IF(F18="","",VLOOKUP($F18,'金額'!$B$3:$I$44,7,FALSE)) | L18: =IF($I18="","",IF(AND($B18="K",$E18="KTN"),2000,IF(AND($B18="K",$E18="WHZ"),2000,IF($E18="MAHA",1500,IF($G18=0,(VLOOKUP($K18,'判定表'!$B$3:$G$96,2,FALSE)),0))))) | M18: =IF($K18="","",IF($E18="ANC",(VLOOKUP($K18,'判定表'!$B$3:$G$95,3,FALSE)),IF(OR($E18="KTN",$E18="WHZ"),(VLOOKUP($K18,'判定表'!$B$3:$G$95,4,FALSE)*I18),0))) | N18: =IF($I18="","",IF($K18="","",IF($G18=1,(VLOOKUP($F18,'金額'!$B$3:$J$114,3,FALSE)),0))) | O18: =IF(F18="","",(L18*I18+M18+N18)) | P18: =IF($K18="","",IF($E18="KTN",(VLOOKUP($K18,'判定表'!$B$3:$I$95,8,FALSE)),IF($I18="","",(VLOOKUP($F18,'金額'!$B$3:$J$114,9,FALSE)))))
B19: =IF($K19="","",(VLOOKUP($K19,'判定表'!$B$3:$G$105,6,FALSE))) | D19: =IF(C19="","",upper(TEXT(C19, "DDD"))) | E19: =IF(F19="","",VLOOKUP($F19,'金額'!$B$3:$K$44,10,FALSE)) | G19: =IF($F19="","",(VLOOKUP($F19,'金額'!$B$3:$E$114,2,FALSE))) | H19: =IF(F19="","",VLOOKUP($F19,'金額'!$B$3:$I$44,8,FALSE)) | I19: =IF(F19="","",VLOOKUP($F19,'金額'!$B$3:$I$44,7,FALSE)) | L19: =IF($I19="","",IF(AND($B19="K",$E19="KTN"),2000,IF(AND($B19="K",$E19="WHZ"),2000,IF($E19="MAHA",1500,IF($G19=0,(VLOOKUP($K19,'判定表'!$B$3:$G$96,2,FALSE)),0))))) | M19: =IF($K19="","",IF($E19="ANC",(VLOOKUP($K19,'判定表'!$B$3:$G$95,3,FALSE)),IF(OR($E19="KTN",$E19="WHZ"),(VLOOKUP($K19,'判定表'!$B$3:$G$95,4,FALSE)*I19),0))) | N19: =IF($I19="","",IF($K19="","",IF($G19=1,(VLOOKUP($F19,'金額'!$B$3:$J$114,3,FALSE)),0))) | O19: =IF(F19="","",(L19*I19+M19+N19)) | P19: =IF($K19="","",IF($E19="KTN",(VLOOKUP($K19,'判定表'!$B$3:$I$95,8,FALSE)),IF($I19="","",(VLOOKUP($F19,'金額'!$B$3:$J$114,9,FALSE)))))
... B411: =IF($K411="","",(VLOOKUP($K411,'判定表'!$B$3:$G$105,6,FALSE))) | D411: =IF(C411="","",upper(TEXT(C411, "DDD"))) | E411: =IF(F411="","",VLOOKUP($F411,'金額'!$B$3:$K$44,10,FALSE)) | G411: =IF($F411="","",(VLOOKUP($F411,'金額'!$B$3:$E$114,2,FALSE))) | H411: =IF(F411="","",VLOOKUP($F411,'金額'!$B$3:$I$44,8,FALSE)) | I411: =IF(F411="","",VLOOKUP($F411,'金額'!$B$3:$I$44,7,FALSE)) | L411: =IF($I411="","",IF(AND($B411="K",$E411="KTN"),2000,IF(AND($B411="K",$E411="WHZ"),2000,IF($E411="MAHA",1500,IF($G411=0,(VLOOKUP($K411,'判定表'!$B$3:$G$96,2,FALSE)),0))))) | M411: =IF($K411="","",IF($E411="ANC",(VLOOKUP($K411,'判定表'!$B$3:$G$95,3,FALSE)),IF(OR($E411="KTN",$E411="WHZ"),(VLOOKUP($K411,'判定表'!$B$3:$G$95,4,FALSE)*I411),0))) | N411: =IF($I411="","",IF($K411="","",IF($G411=1,(VLOOKUP($F411,'金額'!$B$3:$J$114,3,FALSE)),0))) | O411: =IF(F411="","",(L411*I411+M411+N411)) | P411: =IF($K411="","",IF($E411="KTN",(VLOOKUP($K411,'判定表'!$B$3:$I$95,8,FALSE)),IF($I411="","",(VLOOKUP($F411,'金額'!$B$3:$J$114,9,FALSE)))))
B412: =IF($K412="","",(VLOOKUP($K412,'判定表'!$B$3:$G$105,6,FALSE))) | D412: =IF(C412="","",upper(TEXT(C412, "DDD"))) | E412: =IF(F412="","",VLOOKUP($F412,'金額'!$B$3:$K$44,10,FALSE)) | G412: =IF($F412="","",(VLOOKUP($F412,'金額'!$B$3:$E$114,2,FALSE))) | H412: =IF(F412="","",VLOOKUP($F412,'金額'!$B$3:$I$44,8,FALSE)) | I412: =IF(F412="","",VLOOKUP($F412,'金額'!$B$3:$I$44,7,FALSE)) | L412: =IF($I412="","",IF(AND($B412="K",$E412="KTN"),2000,IF(AND($B412="K",$E412="WHZ"),2000,IF($E412="MAHA",1500,IF($G412=0,(VLOOKUP($K412,'判定表'!$B$3:$G$96,2,FALSE)),0))))) | M412: =IF($K412="","",IF($E412="ANC",(VLOOKUP($K412,'判定表'!$B$3:$G$95,3,FALSE)),IF(OR($E412="KTN",$E412="WHZ"),(VLOOKUP($K412,'判定表'!$B$3:$G$95,4,FALSE)*I412),0))) | N412: =IF($I412="","",IF($K412="","",IF($G412=1,(VLOOKUP($F412,'金額'!$B$3:$J$114,3,FALSE)),0))) | O412: =IF(F412="","",(L412*I412+M412+N412)) | P412: =IF($K412="","",IF($E412="KTN",(VLOOKUP($K412,'判定表'!$B$3:$I$95,8,FALSE)),IF($I412="","",(VLOOKUP($F412,'金額'!$B$3:$J$114,9,FALSE))))) | Q412: 要確認
B413: =IF($K413="","",(VLOOKUP($K413,'判定表'!$B$3:$G$105,6,FALSE))) | D413: =IF(C413="","",upper(TEXT(C413, "DDD"))) | E413: =IF(F413="","",VLOOKUP($F413,'金額'!$B$3:$K$44,10,FALSE)) | G413: =IF($F413="","",(VLOOKUP($F413,'金額'!$B$3:$E$114,2,FALSE))) | H413: =IF(F413="","",VLOOKUP($F413,'金額'!$B$3:$I$44,8,FALSE)) | I413: =IF(F413="","",VLOOKUP($F413,'金額'!$B$3:$I$44,7,FALSE)) | L413: =IF($I413="","",IF(AND($B413="K",$E413="KTN"),2000,IF(AND($B413="K",$E413="WHZ"),2000,IF($E413="MAHA",1500,IF($G413=0,(VLOOKUP($K413,'判定表'!$B$3:$G$96,2,FALSE)),0))))) | M413: =IF($K413="","",IF($E413="ANC",(VLOOKUP($K413,'判定表'!$B$3:$G$95,3,FALSE)),IF(OR($E413="KTN",$E413="WHZ"),(VLOOKUP($K413,'判定表'!$B$3:$G$95,4,FALSE)*I413),0))) | N413: =IF($I413="","",IF($K413="","",IF($G413=1,(VLOOKUP($F413,'金額'!$B$3:$J$114,3,FALSE)),0))) | O413: =IF(F413="","",(L413*I413+M413+N413)) | P413: =IF($K413="","",IF($E413="KTN",(VLOOKUP($K413,'判定表'!$B$3:$I$95,8,FALSE)),IF($I413="","",(VLOOKUP($F413,'金額'!$B$3:$J$114,9,FALSE)))))
B414: =IF($K414="","",(VLOOKUP($K414,'判定表'!$B$3:$G$105,6,FALSE))) | D414: =IF(C414="","",upper(TEXT(C414, "DDD"))) | E414: =IF(F414="","",VLOOKUP($F414,'金額'!$B$3:$K$44,10,FALSE)) | G414: =IF($F414="","",(VLOOKUP($F414,'金額'!$B$3:$E$114,2,FALSE))) | H414: =IF(F414="","",VLOOKUP($F414,'金額'!$B$3:$I$44,8,FALSE)) | I414: =IF(F414="","",VLOOKUP($F414,'金額'!$B$3:$I$44,7,FALSE)) | L414: =IF($I414="","",IF(AND($B414="K",$E414="KTN"),2000,IF(AND($B414="K",$E414="WHZ"),2000,IF($E414="MAHA",1500,IF($G414=0,(VLOOKUP($K414,'判定表'!$B$3:$G$96,2,FALSE)),0))))) | M414: =IF($K414="","",IF($E414="ANC",(VLOOKUP($K414,'判定表'!$B$3:$G$95,3,FALSE)),IF(OR($E414="KTN",$E414="WHZ"),(VLOOKUP($K414,'判定表'!$B$3:$G$95,4,FALSE)*I414),0))) | N414: =IF($I414="","",IF($K414="","",IF($G414=1,(VLOOKUP($F414,'金額'!$B$3:$J$114,3,FALSE)),0))) | O414: =IF(F414="","",(L414*I414+M414+N414)) | P414: =IF($K414="","",IF($E414="KTN",(VLOOKUP($K414,'判定表'!$B$3:$I$95,8,FALSE)),IF($I414="","",(VLOOKUP($F414,'金額'!$B$3:$J$114,9,FALSE)))))
B415: =IF($K415="","",(VLOOKUP($K415,'判定表'!$B$3:$G$105,6,FALSE))) | D415: =IF(C415="","",upper(TEXT(C415, "DDD"))) | E415: =IF(F415="","",VLOOKUP($F415,'金額'!$B$3:$K$44,10,FALSE)) | G415: =IF($F415="","",(VLOOKUP($F415,'金額'!$B$3:$E$114,2,FALSE))) | H415: =IF(F415="","",VLOOKUP($F415,'金額'!$B$3:$I$44,8,FALSE)) | I415: =IF(F415="","",VLOOKUP($F415,'金額'!$B$3:$I$44,7,FALSE)) | L415: =IF($I415="","",IF(AND($B415="K",$E415="KTN"),2000,IF(AND($B415="K",$E415="WHZ"),2000,IF($E415="MAHA",1500,IF($G415=0,(VLOOKUP($K415,'判定表'!$B$3:$G$96,2,FALSE)),0))))) | M415: =IF($K415="","",IF($E415="ANC",(VLOOKUP($K415,'判定表'!$B$3:$G$95,3,FALSE)),IF(OR($E415="KTN",$E415="WHZ"),(VLOOKUP($K415,'判定表'!$B$3:$G$95,4,FALSE)*I415),0))) | N415: =IF($I415="","",IF($K415="","",IF($G415=1,(VLOOKUP($F415,'金額'!$B$3:$J$114,3,FALSE)),0))) | O415: =IF(F415="","",(L415*I415+M415+N415)) | P415: =IF($K415="","",IF($E415="KTN",(VLOOKUP($K415,'判定表'!$B$3:$I$95,8,FALSE)),IF($I415="","",(VLOOKUP($F415,'金額'!$B$3:$J$114,9,FALSE)))))
B416: =IF($K416="","",(VLOOKUP($K416,'判定表'!$B$3:$G$105,6,FALSE))) | D416: =IF(C416="","",upper(TEXT(C416, "DDD"))) | E416: =IF(F416="","",VLOOKUP($F416,'金額'!$B$3:$K$44,10,FALSE)) | G416: =IF($F416="","",(VLOOKUP($F416,'金額'!$B$3:$E$114,2,FALSE))) | H416: =IF(F416="","",VLOOKUP($F416,'金額'!$B$3:$I$44,8,FALSE)) | I416: =IF(F416="","",VLOOKUP($F416,'金額'!$B$3:$I$44,7,FALSE)) | L416: =IF($I416="","",IF(AND($B416="K",$E416="KTN"),2000,IF(AND($B416="K",$E416="WHZ"),2000,IF($E416="MAHA",1500,IF($G416=0,(VLOOKUP($K416,'判定表'!$B$3:$G$96,2,FALSE)),0))))) | M416: =IF($K416="","",IF($E416="ANC",(VLOOKUP($K416,'判定表'!$B$3:$G$95,3,FALSE)),IF(OR($E416="KTN",$E416="WHZ"),(VLOOKUP($K416,'判定表'!$B$3:$G$95,4,FALSE)*I416),0))) | N416: =IF($I416="","",IF($K416="","",IF($G416=1,(VLOOKUP($F416,'金額'!$B$3:$J$114,3,FALSE)),0))) | O416: =IF(F416="","",(L416*I416+M416+N416)) | P416: =IF($K416="","",IF($E416="KTN",(VLOOKUP($K416,'判定表'!$B$3:$I$95,8,FALSE)),IF($I416="","",(VLOOKUP($F416,'金額'!$B$3:$J$114,9,FALSE)))))
B417: =IF($K417="","",(VLOOKUP($K417,'判定表'!$B$3:$G$105,6,FALSE))) | D417: =IF(C417="","",upper(TEXT(C417, "DDD"))) | E417: =IF(F417="","",VLOOKUP($F417,'金額'!$B$3:$K$44,10,FALSE)) | G417: =IF($F417="","",(VLOOKUP($F417,'金額'!$B$3:$E$114,2,FALSE))) | H417: =IF(F417="","",VLOOKUP($F417,'金額'!$B$3:$I$44,8,FALSE)) | I417: =IF(F417="","",VLOOKUP($F417,'金額'!$B$3:$I$44,7,FALSE)) | L417: =IF($I417="","",IF(AND($B417="K",$E417="KTN"),2000,IF(AND($B417="K",$E417="WHZ"),2000,IF($E417="MAHA",1500,IF($G417=0,(VLOOKUP($K417,'判定表'!$B$3:$G$96,2,FALSE)),0))))) | M417: =IF($K417="","",IF($E417="ANC",(VLOOKUP($K417,'判定表'!$B$3:$G$95,3,FALSE)),IF(OR($E417="KTN",$E417="WHZ"),(VLOOKUP($K417,'判定表'!$B$3:$G$95,4,FALSE)*I417),0))) | N417: =IF($I417="","",IF($K417="","",IF($G417=1,(VLOOKUP($F417,'金額'!$B$3:$J$114,3,FALSE)),0))) | O417: =IF(F417="","",(L417*I417+M417+N417)) | P417: =IF($K417="","",IF($E417="KTN",(VLOOKUP($K417,'判定表'!$B$3:$I$95,8,FALSE)),IF($I417="","",(VLOOKUP($F417,'金額'!$B$3:$J$114,9,FALSE)))))
B418: =IF($K418="","",(VLOOKUP($K418,'判定表'!$B$3:$G$105,6,FALSE))) | D418: =IF(C418="","",upper(TEXT(C418, "DDD"))) | E418: =IF(F418="","",VLOOKUP($F418,'金額'!$B$3:$K$44,10,FALSE)) | G418: =IF($F418="","",(VLOOKUP($F418,'金額'!$B$3:$E$114,2,FALSE))) | H418: =IF(F418="","",VLOOKUP($F418,'金額'!$B$3:$I$44,8,FALSE)) | I418: =IF(F418="","",VLOOKUP($F418,'金額'!$B$3:$I$44,7,FALSE)) | L418: =IF($I418="","",IF(AND($B418="K",$E418="KTN"),2000,IF(AND($B418="K",$E418="WHZ"),2000,IF($E418="MAHA",1500,IF($G418=0,(VLOOKUP($K418,'判定表'!$B$3:$G$96,2,FALSE)),0))))) | M418: =IF($K418="","",IF($E418="ANC",(VLOOKUP($K418,'判定表'!$B$3:$G$95,3,FALSE)),IF(OR($E418="KTN",$E418="WHZ"),(VLOOKUP($K418,'判定表'!$B$3:$G$95,4,FALSE)*I418),0))) | N418: =IF($I418="","",IF($K418="","",IF($G418=1,(VLOOKUP($F418,'金額'!$B$3:$J$114,3,FALSE)),0))) | O418: =IF(F418="","",(L418*I418+M418+N418)) | P418: =IF($K418="","",IF($E418="KTN",(VLOOKUP($K418,'判定表'!$B$3:$I$95,8,FALSE)),IF($I418="","",(VLOOKUP($F418,'金額'!$B$3:$J$114,9,FALSE)))))
B419: =IF($K419="","",(VLOOKUP($K419,'判定表'!$B$3:$G$105,6,FALSE))) | D419: =IF(C419="","",upper(TEXT(C419, "DDD"))) | E419: =IF(F419="","",VLOOKUP($F419,'金額'!$B$3:$K$44,10,FALSE)) | G419: =IF($F419="","",(VLOOKUP($F419,'金額'!$B$3:$E$114,2,FALSE))) | H419: =IF(F419="","",VLOOKUP($F419,'金額'!$B$3:$I$44,8,FALSE)) | I419: =IF(F419="","",VLOOKUP($F419,'金額'!$B$3:$I$44,7,FALSE)) | L419: =IF($I419="","",IF(AND($B419="K",$E419="KTN"),2000,IF(AND($B419="K",$E419="WHZ"),2000,IF($E419="MAHA",1500,IF($G419=0,(VLOOKUP($K419,'判定表'!$B$3:$G$96,2,FALSE)),0))))) | M419: =IF($K419="","",IF($E419="ANC",(VLOOKUP($K419,'判定表'!$B$3:$G$95,3,FALSE)),IF(OR($E419="KTN",$E419="WHZ"),(VLOOKUP($K419,'判定表'!$B$3:$G$95,4,FALSE)*I419),0))) | N419: =IF($I419="","",IF($K419="","",IF($G419=1,(VLOOKUP($F419,'金額'!$B$3:$J$114,3,FALSE)),0))) | O419: =IF(F419="","",(L419*I419+M419+N419)) | P419: =IF($K419="","",IF($E419="KTN",(VLOOKUP($K419,'判定表'!$B$3:$I$95,8,FALSE)),IF($I419="","",(VLOOKUP($F419,'金額'!$B$3:$J$114,9,FALSE)))))
B420: =IF($K420="","",(VLOOKUP($K420,'判定表'!$B$3:$G$105,6,FALSE))) | D420: =IF(C420="","",upper(TEXT(C420, "DDD"))) | E420: =IF(F420="","",VLOOKUP($F420,'金額'!$B$3:$K$44,10,FALSE)) | G420: =IF($F420="","",(VLOOKUP($F420,'金額'!$B$3:$E$114,2,FALSE))) | H420: =IF(F420="","",VLOOKUP($F420,'金額'!$B$3:$I$44,8,FALSE)) | I420: =IF(F420="","",VLOOKUP($F420,'金額'!$B$3:$I$44,7,FALSE)) | L420: =IF($I420="","",IF(AND($B420="K",$E420="KTN"),2000,IF(AND($B420="K",$E420="WHZ"),2000,IF($E420="MAHA",1500,IF($G420=0,(VLOOKUP($K420,'判定表'!$B$3:$G$96,2,FALSE)),0))))) | M420: =IF($K420="","",IF($E420="ANC",(VLOOKUP($K420,'判定表'!$B$3:$G$95,3,FALSE)),IF(OR($E420="KTN",$E420="WHZ"),(VLOOKUP($K420,'判定表'!$B$3:$G$95,4,FALSE)*I420),0))) | N420: =IF($I420="","",IF($K420="","",IF($G420=1,(VLOOKUP($F420,'金額'!$B$3:$J$114,3,FALSE)),0))) | O420: =IF(F420="","",(L420*I420+M420+N420)) | P420: =IF($K420="","",IF($E420="KTN",(VLOOKUP($K420,'判定表'!$B$3:$I$95,8,FALSE)),IF($I420="","",(VLOOKUP($F420,'金額'!$B$3:$J$114,9,FALSE)))))
B421: =IF($K421="","",(VLOOKUP($K421,'判定表'!$B$3:$G$105,6,FALSE))) | D421: =IF(C421="","",upper(TEXT(C421, "DDD"))) | E421: =IF(F421="","",VLOOKUP($F421,'金額'!$B$3:$K$44,10,FALSE)) | G421: =IF($F421="","",(VLOOKUP($F421,'金額'!$B$3:$E$114,2,FALSE))) | H421: =IF(F421="","",VLOOKUP($F421,'金額'!$B$3:$I$44,8,FALSE)) | I421: =IF(F421="","",VLOOKUP($F421,'金額'!$B$3:$I$44,7,FALSE)) | L421: =IF($I421="","",IF(AND($B421="K",$E421="KTN"),2000,IF(AND($B421="K",$E421="WHZ"),2000,IF($E421="MAHA",1500,IF($G421=0,(VLOOKUP($K421,'判定表'!$B$3:$G$96,2,FALSE)),0))))) | M421: =IF($K421="","",IF($E421="ANC",(VLOOKUP($K421,'判定表'!$B$3:$G$95,3,FALSE)),IF(OR($E421="KTN",$E421="WHZ"),(VLOOKUP($K421,'判定表'!$B$3:$G$95,4,FALSE)*I421),0))) | N421: =IF($I421="","",IF($K421="","",IF($G421=1,(VLOOKUP($F421,'金額'!$B$3:$J$114,3,FALSE)),0))) | O421: =IF(F421="","",(L421*I421+M421+N421)) | P421: =IF($K421="","",IF($E421="KTN",(VLOOKUP($K421,'判定表'!$B$3:$I$95,8,FALSE)),IF($I421="","",(VLOOKUP($F421,'金額'!$B$3:$J$114,9,FALSE)))))
B422: =IF($K422="","",(VLOOKUP($K422,'判定表'!$B$3:$G$105,6,FALSE))) | D422: =IF(C422="","",upper(TEXT(C422, "DDD"))) | E422: =IF(F422="","",VLOOKUP($F422,'金額'!$B$3:$K$44,10,FALSE)) | G422: =IF($F422="","",(VLOOKUP($F422,'金額'!$B$3:$E$114,2,FALSE))) | H422: =IF(F422="","",VLOOKUP($F422,'金額'!$B$3:$I$44,8,FALSE)) | I422: =IF(F422="","",VLOOKUP($F422,'金額'!$B$3:$I$44,7,FALSE)) | L422: =IF($I422="","",IF(AND($B422="K",$E422="KTN"),2000,IF(AND($B422="K",$E422="WHZ"),2000,IF($E422="MAHA",1500,IF($G422=0,(VLOOKUP($K422,'判定表'!$B$3:$G$96,2,FALSE)),0))))) | M422: =IF($K422="","",IF($E422="ANC",(VLOOKUP($K422,'判定表'!$B$3:$G$95,3,FALSE)),IF(OR($E422="KTN",$E422="WHZ"),(VLOOKUP($K422,'判定表'!$B$3:$G$95,4,FALSE)*I422),0))) | N422: =IF($I422="","",IF($K422="","",IF($G422=1,(VLOOKUP($F422,'金額'!$B$3:$J$114,3,FALSE)),0))) | O422: =IF(F422="","",(L422*I422+M422+N422)) | P422: =IF($K422="","",IF($E422="KTN",(VLOOKUP($K422,'判定表'!$B$3:$I$95,8,FALSE)),IF($I422="","",(VLOOKUP($F422,'金額'!$B$3:$J$114,9,FALSE)))))
B423: =IF($K423="","",(VLOOKUP($K423,'判定表'!$B$3:$G$105,6,FALSE))) | D423: =IF(C423="","",upper(TEXT(C423, "DDD"))) | E423: =IF(F423="","",VLOOKUP($F423,'金額'!$B$3:$K$44,10,FALSE)) | G423: =IF($F423="","",(VLOOKUP($F423,'金額'!$B$3:$E$114,2,FALSE))) | H423: =IF(F423="","",VLOOKUP($F423,'金額'!$B$3:$I$44,8,FALSE)) | I423: =IF(F423="","",VLOOKUP($F423,'金額'!$B$3:$I$44,7,FALSE)) | L423: =IF($I423="","",IF(AND($B423="K",$E423="KTN"),2000,IF(AND($B423="K",$E423="WHZ"),2000,IF($E423="MAHA",1500,IF($G423=0,(VLOOKUP($K423,'判定表'!$B$3:$G$96,2,FALSE)),0))))) | M423: =IF($K423="","",IF($E423="ANC",(VLOOKUP($K423,'判定表'!$B$3:$G$95,3,FALSE)),IF(OR($E423="KTN",$E423="WHZ"),(VLOOKUP($K423,'判定表'!$B$3:$G$95,4,FALSE)*I423),0))) | N423: =IF($I423="","",IF($K423="","",IF($G423=1,(VLOOKUP($F423,'金額'!$B$3:$J$114,3,FALSE)),0))) | O423: =IF(F423="","",(L423*I423+M423+N423)) | P423: =IF($K423="","",IF($E423="KTN",(VLOOKUP($K423,'判定表'!$B$3:$I$95,8,FALSE)),IF($I423="","",(VLOOKUP($F423,'金額'!$B$3:$J$114,9,FALSE)))))
B424: =IF($K424="","",(VLOOKUP($K424,'判定表'!$B$3:$G$105,6,FALSE))) | D424: =IF(C424="","",upper(TEXT(C424, "DDD"))) | E424: =IF(F424="","",VLOOKUP($F424,'金額'!$B$3:$K$44,10,FALSE)) | G424: =IF($F424="","",(VLOOKUP($F424,'金額'!$B$3:$E$114,2,FALSE))) | H424: =IF(F424="","",VLOOKUP($F424,'金額'!$B$3:$I$44,8,FALSE)) | I424: =IF(F424="","",VLOOKUP($F424,'金額'!$B$3:$I$44,7,FALSE)) | L424: =IF($I424="","",IF(AND($B424="K",$E424="KTN"),2000,IF(AND($B424="K",$E424="WHZ"),2000,IF($E424="MAHA",1500,IF($G424=0,(VLOOKUP($K424,'判定表'!$B$3:$G$96,2,FALSE)),0))))) | M424: =IF($K424="","",IF($E424="ANC",(VLOOKUP($K424,'判定表'!$B$3:$G$95,3,FALSE)),IF(OR($E424="KTN",$E424="WHZ"),(VLOOKUP($K424,'判定表'!$B$3:$G$95,4,FALSE)*I424),0))) | N424: =IF($I424="","",IF($K424="","",IF($G424=1,(VLOOKUP($F424,'金額'!$B$3:$J$114,3,FALSE)),0))) | O424: =IF(F424="","",(L424*I424+M424+N424)) | P424: =IF($K424="","",IF($E424="KTN",(VLOOKUP($K424,'判定表'!$B$3:$I$95,8,FALSE)),IF($I424="","",(VLOOKUP($F424,'金額'!$B$3:$J$114,9,FALSE)))))
... B594: =IF($K594="","",(VLOOKUP($K594,'判定表'!$B$3:$G$105,6,FALSE))) | D594: =IF(C594="","",upper(TEXT(C594, "DDD"))) | E594: =IF(F594="","",VLOOKUP($F594,'金額'!$B$3:$K$44,10,FALSE)) | G594: =IF($F594="","",(VLOOKUP($F594,'金額'!$B$3:$E$114,2,FALSE))) | H594: =IF(F594="","",VLOOKUP($F594,'金額'!$B$3:$I$44,8,FALSE)) | I594: =IF(F594="","",VLOOKUP($F594,'金額'!$B$3:$I$44,7,FALSE)) | L594: =IF($I594="","",IF(AND($B594="K",$E594="KTN"),2000,IF(AND($B594="K",$E594="WHZ"),2000,IF($E594="MAHA",1500,IF($G594=0,(VLOOKUP($K594,'判定表'!$B$3:$G$96,2,FALSE)),0))))) | M594: =IF($K594="","",IF($E594="ANC",(VLOOKUP($K594,'判定表'!$B$3:$G$95,3,FALSE)),IF(OR($E594="KTN",$E594="WHZ"),(VLOOKUP($K594,'判定表'!$B$3:$G$95,4,FALSE)*I594),0))) | N594: =IF($I594="","",IF($K594="","",IF($G594=1,(VLOOKUP($F594,'金額'!$B$3:$J$114,3,FALSE)),0))) | O594: =IF(F594="","",(L594*I594+M594+N594)) | P594: =IF($K594="","",IF($E594="KTN",(VLOOKUP($K594,'判定表'!$B$3:$I$95,8,FALSE)),IF($I594="","",(VLOOKUP($F594,'金額'!$B$3:$J$114,9,FALSE)))))
B595: =IF($K595="","",(VLOOKUP($K595,'判定表'!$B$3:$G$105,6,FALSE))) | D595: =IF(C595="","",upper(TEXT(C595, "DDD"))) | E595: =IF(F595="","",VLOOKUP($F595,'金額'!$B$3:$K$44,10,FALSE)) | G595: =IF($F595="","",(VLOOKUP($F595,'金額'!$B$3:$E$114,2,FALSE))) | H595: =IF(F595="","",VLOOKUP($F595,'金額'!$B$3:$I$44,8,FALSE)) | I595: =IF(F595="","",VLOOKUP($F595,'金額'!$B$3:$I$44,7,FALSE)) | L595: =IF($I595="","",IF(AND($B595="K",$E595="KTN"),2000,IF(AND($B595="K",$E595="WHZ"),2000,IF($E595="MAHA",1500,IF($G595=0,(VLOOKUP($K595,'判定表'!$B$3:$G$96,2,FALSE)),0))))) | M595: =IF($K595="","",IF($E595="ANC",(VLOOKUP($K595,'判定表'!$B$3:$G$95,3,FALSE)),IF(OR($E595="KTN",$E595="WHZ"),(VLOOKUP($K595,'判定表'!$B$3:$G$95,4,FALSE)*I595),0))) | N595: =IF($I595="","",IF($K595="","",IF($G595=1,(VLOOKUP($F595,'金額'!$B$3:$J$114,3,FALSE)),0))) | O595: =IF(F595="","",(L595*I595+M595+N595)) | P595: =IF($K595="","",IF($E595="KTN",(VLOOKUP($K595,'判定表'!$B$3:$I$95,8,FALSE)),IF($I595="","",(VLOOKUP($F595,'金額'!$B$3:$J$114,9,FALSE))))) | Q595: タクシー代確認
B596: =IF($K596="","",(VLOOKUP($K596,'判定表'!$B$3:$G$105,6,FALSE))) | D596: =IF(C596="","",upper(TEXT(C596, "DDD"))) | E596: =IF(F596="","",VLOOKUP($F596,'金額'!$B$3:$K$44,10,FALSE)) | G596: =IF($F596="","",(VLOOKUP($F596,'金額'!$B$3:$E$114,2,FALSE))) | H596: =IF(F596="","",VLOOKUP($F596,'金額'!$B$3:$I$44,8,FALSE)) | I596: =IF(F596="","",VLOOKUP($F596,'金額'!$B$3:$I$44,7,FALSE)) | L596: =IF($I596="","",IF(AND($B596="K",$E596="KTN"),2000,IF(AND($B596="K",$E596="WHZ"),2000,IF($E596="MAHA",1500,IF($G596=0,(VLOOKUP($K596,'判定表'!$B$3:$G$96,2,FALSE)),0))))) | M596: =IF($K596="","",IF($E596="ANC",(VLOOKUP($K596,'判定表'!$B$3:$G$95,3,FALSE)),IF(OR($E596="KTN",$E596="WHZ"),(VLOOKUP($K596,'判定表'!$B$3:$G$95,4,FALSE)*I596),0))) | N596: =IF($I596="","",IF($K596="","",IF($G596=1,(VLOOKUP($F596,'金額'!$B$3:$J$114,3,FALSE)),0))) | O596: =IF(F596="","",(L596*I596+M596+N596)) | P596: =IF($K596="","",IF($E596="KTN",(VLOOKUP($K596,'判定表'!$B$3:$I$95,8,FALSE)),IF($I596="","",(VLOOKUP($F596,'金額'!$B$3:$J$114,9,FALSE)))))
B597: =IF($K597="","",(VLOOKUP($K597,'判定表'!$B$3:$G$105,6,FALSE))) | D597: =IF(C597="","",upper(TEXT(C597, "DDD"))) | E597: =IF(F597="","",VLOOKUP($F597,'金額'!$B$3:$K$44,10,FALSE)) | G597: =IF($F597="","",(VLOOKUP($F597,'金額'!$B$3:$E$114,2,FALSE))) | H597: =IF(F597="","",VLOOKUP($F597,'金額'!$B$3:$I$44,8,FALSE)) | I597: =IF(F597="","",VLOOKUP($F597,'金額'!$B$3:$I$44,7,FALSE)) | L597: =IF($I597="","",IF(AND($B597="K",$E597="KTN"),2000,IF(AND($B597="K",$E597="WHZ"),2000,IF($E597="MAHA",1500,IF($G597=0,(VLOOKUP($K597,'判定表'!$B$3:$G$96,2,FALSE)),0))))) | M597: =IF($K597="","",IF($E597="ANC",(VLOOKUP($K597,'判定表'!$B$3:$G$95,3,FALSE)),IF(OR($E597="KTN",$E597="WHZ"),(VLOOKUP($K597,'判定表'!$B$3:$G$95,4,FALSE)*I597),0))) | N597: =IF($I597="","",IF($K597="","",IF($G597=1,(VLOOKUP($F597,'金額'!$B$3:$J$114,3,FALSE)),0))) | O597: =IF(F597="","",(L597*I597+M597+N597)) | P597: =IF($K597="","",IF($E597="KTN",(VLOOKUP($K597,'判定表'!$B$3:$I$95,8,FALSE)),IF($I597="","",(VLOOKUP($F597,'金額'!$B$3:$J$114,9,FALSE)))))
B598: =IF($K598="","",(VLOOKUP($K598,'判定表'!$B$3:$G$105,6,FALSE))) | D598: =IF(C598="","",upper(TEXT(C598, "DDD"))) | E598: =IF(F598="","",VLOOKUP($F598,'金額'!$B$3:$K$44,10,FALSE)) | G598: =IF($F598="","",(VLOOKUP($F598,'金額'!$B$3:$E$114,2,FALSE))) | H598: =IF(F598="","",VLOOKUP($F598,'金額'!$B$3:$I$44,8,FALSE)) | I598: =IF(F598="","",VLOOKUP($F598,'金額'!$B$3:$I$44,7,FALSE)) | L598: =IF($I598="","",IF(AND($B598="K",$E598="KTN"),2000,IF(AND($B598="K",$E598="WHZ"),2000,IF($E598="MAHA",1500,IF($G598=0,(VLOOKUP($K598,'判定表'!$B$3:$G$96,2,FALSE)),0))))) | M598: =IF($K598="","",IF($E598="ANC",(VLOOKUP($K598,'判定表'!$B$3:$G$95,3,FALSE)),IF(OR($E598="KTN",$E598="WHZ"),(VLOOKUP($K598,'判定表'!$B$3:$G$95,4,FALSE)*I598),0))) | N598: =IF($I598="","",IF($K598="","",IF($G598=1,(VLOOKUP($F598,'金額'!$B$3:$J$114,3,FALSE)),0))) | O598: =IF(F598="","",(L598*I598+M598+N598)) | P598: =IF($K598="","",IF($E598="KTN",(VLOOKUP($K598,'判定表'!$B$3:$I$95,8,FALSE)),IF($I598="","",(VLOOKUP($F598,'金額'!$B$3:$J$114,9,FALSE)))))
B599: =IF($K599="","",(VLOOKUP($K599,'判定表'!$B$3:$G$105,6,FALSE))) | D599: =IF(C599="","",upper(TEXT(C599, "DDD"))) | E599: =IF(F599="","",VLOOKUP($F599,'金額'!$B$3:$K$44,10,FALSE)) | G599: =IF($F599="","",(VLOOKUP($F599,'金額'!$B$3:$E$114,2,FALSE))) | H599: =IF(F599="","",VLOOKUP($F599,'金額'!$B$3:$I$44,8,FALSE)) | I599: =IF(F599="","",VLOOKUP($F599,'金額'!$B$3:$I$44,7,FALSE)) | L599: =IF($I599="","",IF(AND($B599="K",$E599="KTN"),2000,IF(AND($B599="K",$E599="WHZ"),2000,IF($E599="MAHA",1500,IF($G599=0,(VLOOKUP($K599,'判定表'!$B$3:$G$96,2,FALSE)),0))))) | M599: =IF($K599="","",IF($E599="ANC",(VLOOKUP($K599,'判定表'!$B$3:$G$95,3,FALSE)),IF(OR($E599="KTN",$E599="WHZ"),(VLOOKUP($K599,'判定表'!$B$3:$G$95,4,FALSE)*I599),0))) | N599: =IF($I599="","",IF($K599="","",IF($G599=1,(VLOOKUP($F599,'金額'!$B$3:$J$114,3,FALSE)),0))) | O599: =IF(F599="","",(L599*I599+M599+N599)) | P599: =IF($K599="","",IF($E599="KTN",(VLOOKUP($K599,'判定表'!$B$3:$I$95,8,FALSE)),IF($I599="","",(VLOOKUP($F599,'金額'!$B$3:$J$114,9,FALSE)))))
B600: =IF($K600="","",(VLOOKUP($K600,'判定表'!$B$3:$G$105,6,FALSE))) | D600: =IF(C600="","",upper(TEXT(C600, "DDD"))) | E600: =IF(F600="","",VLOOKUP($F600,'金額'!$B$3:$K$44,10,FALSE)) | G600: =IF($F600="","",(VLOOKUP($F600,'金額'!$B$3:$E$114,2,FALSE))) | H600: =IF(F600="","",VLOOKUP($F600,'金額'!$B$3:$I$44,8,FALSE)) | I600: =IF(F600="","",VLOOKUP($F600,'金額'!$B$3:$I$44,7,FALSE)) | L600: =IF($I600="","",IF(AND($B600="K",$E600="KTN"),2000,IF(AND($B600="K",$E600="WHZ"),2000,IF($E600="MAHA",1500,IF($G600=0,(VLOOKUP($K600,'判定表'!$B$3:$G$96,2,FALSE)),0))))) | M600: =IF($K600="","",IF($E600="ANC",(VLOOKUP($K600,'判定表'!$B$3:$G$95,3,FALSE)),IF(OR($E600="KTN",$E600="WHZ"),(VLOOKUP($K600,'判定表'!$B$3:$G$95,4,FALSE)*I600),0))) | N600: =IF($I600="","",IF($K600="","",IF($G600=1,(VLOOKUP($F600,'金額'!$B$3:$J$114,3,FALSE)),0))) | O600: =IF(F600="","",(L600*I600+M600+N600)) | P600: =IF($K600="","",IF($E600="KTN",(VLOOKUP($K600,'判定表'!$B$3:$I$95,8,FALSE)),IF($I600="","",(VLOOKUP($F600,'金額'!$B$3:$J$114,9,FALSE)))))
B601: =IF($K601="","",(VLOOKUP($K601,'判定表'!$B$3:$G$105,6,FALSE))) | D601: =IF(C601="","",upper(TEXT(C601, "DDD"))) | E601: =IF(F601="","",VLOOKUP($F601,'金額'!$B$3:$K$44,10,FALSE)) | G601: =IF($F601="","",(VLOOKUP($F601,'金額'!$B$3:$E$114,2,FALSE))) | H601: =IF(F601="","",VLOOKUP($F601,'金額'!$B$3:$I$44,8,FALSE)) | I601: =IF(F601="","",VLOOKUP($F601,'金額'!$B$3:$I$44,7,FALSE)) | L601: =IF($I601="","",IF(AND($B601="K",$E601="KTN"),2000,IF(AND($B601="K",$E601="WHZ"),2000,IF($E601="MAHA",1500,IF($G601=0,(VLOOKUP($K601,'判定表'!$B$3:$G$96,2,FALSE)),0))))) | M601: =IF($K601="","",IF($E601="ANC",(VLOOKUP($K601,'判定表'!$B$3:$G$95,3,FALSE)),IF(OR($E601="KTN",$E601="WHZ"),(VLOOKUP($K601,'判定表'!$B$3:$G$95,4,FALSE)*I601),0))) | N601: =IF($I601="","",IF($K601="","",IF($G601=1,(VLOOKUP($F601,'金額'!$B$3:$J$114,3,FALSE)),0))) | O601: =IF(F601="","",(L601*I601+M601+N601)) | P601: =IF($K601="","",IF($E601="KTN",(VLOOKUP($K601,'判定表'!$B$3:$I$95,8,FALSE)),IF($I601="","",(VLOOKUP($F601,'金額'!$B$3:$J$114,9,FALSE)))))
B602: =IF($K602="","",(VLOOKUP($K602,'判定表'!$B$3:$G$105,6,FALSE))) | D602: =IF(C602="","",upper(TEXT(C602, "DDD"))) | E602: =IF(F602="","",VLOOKUP($F602,'金額'!$B$3:$K$44,10,FALSE)) | G602: =IF($F602="","",(VLOOKUP($F602,'金額'!$B$3:$E$114,2,FALSE))) | H602: =IF(F602="","",VLOOKUP($F602,'金額'!$B$3:$I$44,8,FALSE)) | I602: =IF(F602="","",VLOOKUP($F602,'金額'!$B$3:$I$44,7,FALSE)) | L602: =IF($I602="","",IF(AND($B602="K",$E602="KTN"),2000,IF(AND($B602="K",$E602="WHZ"),2000,IF($E602="MAHA",1500,IF($G602=0,(VLOOKUP($K602,'判定表'!$B$3:$G$96,2,FALSE)),0))))) | M602: =IF($K602="","",IF($E602="ANC",(VLOOKUP($K602,'判定表'!$B$3:$G$95,3,FALSE)),IF(OR($E602="KTN",$E602="WHZ"),(VLOOKUP($K602,'判定表'!$B$3:$G$95,4,FALSE)*I602),0))) | N602: =IF($I602="","",IF($K602="","",IF($G602=1,(VLOOKUP($F602,'金額'!$B$3:$J$114,3,FALSE)),0))) | O602: =IF(F602="","",(L602*I602+M602+N602)) | P602: =IF($K602="","",IF($E602="KTN",(VLOOKUP($K602,'判定表'!$B$3:$I$95,8,FALSE)),IF($I602="","",(VLOOKUP($F602,'金額'!$B$3:$J$114,9,FALSE)))))
B603: =IF($K603="","",(VLOOKUP($K603,'判定表'!$B$3:$G$105,6,FALSE))) | D603: =IF(C603="","",upper(TEXT(C603, "DDD"))) | E603: =IF(F603="","",VLOOKUP($F603,'金額'!$B$3:$K$44,10,FALSE)) | G603: =IF($F603="","",(VLOOKUP($F603,'金額'!$B$3:$E$114,2,FALSE))) | H603: =IF(F603="","",VLOOKUP($F603,'金額'!$B$3:$I$44,8,FALSE)) | I603: =IF(F603="","",VLOOKUP($F603,'金額'!$B$3:$I$44,7,FALSE)) | L603: =IF($I603="","",IF(AND($B603="K",$E603="KTN"),2000,IF(AND($B603="K",$E603="WHZ"),2000,IF($E603="MAHA",1500,IF($G603=0,(VLOOKUP($K603,'判定表'!$B$3:$G$96,2,FALSE)),0))))) | M603: =IF($K603="","",IF($E603="ANC",(VLOOKUP($K603,'判定表'!$B$3:$G$95,3,FALSE)),IF(OR($E603="KTN",$E603="WHZ"),(VLOOKUP($K603,'判定表'!$B$3:$G$95,4,FALSE)*I603),0))) | N603: =IF($I603="","",IF($K603="","",IF($G603=1,(VLOOKUP($F603,'金額'!$B$3:$J$114,3,FALSE)),0))) | O603: =IF(F603="","",(L603*I603+M603+N603)) | P603: =IF($K603="","",IF($E603="KTN",(VLOOKUP($K603,'判定表'!$B$3:$I$95,8,FALSE)),IF($I603="","",(VLOOKUP($F603,'金額'!$B$3:$J$114,9,FALSE)))))
B604: =IF($K604="","",(VLOOKUP($K604,'判定表'!$B$3:$G$105,6,FALSE))) | D604: =IF(C604="","",upper(TEXT(C604, "DDD"))) | E604: =IF(F604="","",VLOOKUP($F604,'金額'!$B$3:$K$44,10,FALSE)) | G604: =IF($F604="","",(VLOOKUP($F604,'金額'!$B$3:$E$114,2,FALSE))) | H604: =IF(F604="","",VLOOKUP($F604,'金額'!$B$3:$I$44,8,FALSE)) | I604: =IF(F604="","",VLOOKUP($F604,'金額'!$B$3:$I$44,7,FALSE)) | L604: =IF($I604="","",IF(AND($B604="K",$E604="KTN"),2000,IF(AND($B604="K",$E604="WHZ"),2000,IF($E604="MAHA",1500,IF($G604=0,(VLOOKUP($K604,'判定表'!$B$3:$G$96,2,FALSE)),0))))) | M604: =IF($K604="","",IF($E604="ANC",(VLOOKUP($K604,'判定表'!$B$3:$G$95,3,FALSE)),IF(OR($E604="KTN",$E604="WHZ"),(VLOOKUP($K604,'判定表'!$B$3:$G$95,4,FALSE)*I604),0))) | N604: =IF($I604="","",IF($K604="","",IF($G604=1,(VLOOKUP($F604,'金額'!$B$3:$J$114,3,FALSE)),0))) | O604: =IF(F604="","",(L604*I604+M604+N604)) | P604: =IF($K604="","",IF($E604="KTN",(VLOOKUP($K604,'判定表'!$B$3:$I$95,8,FALSE)),IF($I604="","",(VLOOKUP($F604,'金額'!$B$3:$J$114,9,FALSE)))))
B605: =IF($K605="","",(VLOOKUP($K605,'判定表'!$B$3:$G$105,6,FALSE))) | D605: =IF(C605="","",upper(TEXT(C605, "DDD"))) | E605: =IF(F605="","",VLOOKUP($F605,'金額'!$B$3:$K$44,10,FALSE)) | G605: =IF($F605="","",(VLOOKUP($F605,'金額'!$B$3:$E$114,2,FALSE))) | H605: =IF(F605="","",VLOOKUP($F605,'金額'!$B$3:$I$44,8,FALSE)) | I605: =IF(F605="","",VLOOKUP($F605,'金額'!$B$3:$I$44,7,FALSE)) | L605: =IF($I605="","",IF(AND($B605="K",$E605="KTN"),2000,IF(AND($B605="K",$E605="WHZ"),2000,IF($E605="MAHA",1500,IF($G605=0,(VLOOKUP($K605,'判定表'!$B$3:$G$96,2,FALSE)),0))))) | M605: =IF($K605="","",IF($E605="ANC",(VLOOKUP($K605,'判定表'!$B$3:$G$95,3,FALSE)),IF(OR($E605="KTN",$E605="WHZ"),(VLOOKUP($K605,'判定表'!$B$3:$G$95,4,FALSE)*I605),0))) | N605: =IF($I605="","",IF($K605="","",IF($G605=1,(VLOOKUP($F605,'金額'!$B$3:$J$114,3,FALSE)),0))) | O605: =IF(F605="","",(L605*I605+M605+N605)) | P605: =IF($K605="","",IF($E605="KTN",(VLOOKUP($K605,'判定表'!$B$3:$I$95,8,FALSE)),IF($I605="","",(VLOOKUP($F605,'金額'!$B$3:$J$114,9,FALSE)))))
B606: =IF($K606="","",(VLOOKUP($K606,'判定表'!$B$3:$G$105,6,FALSE))) | D606: =IF(C606="","",upper(TEXT(C606, "DDD"))) | E606: =IF(F606="","",VLOOKUP($F606,'金額'!$B$3:$K$44,10,FALSE)) | G606: =IF($F606="","",(VLOOKUP($F606,'金額'!$B$3:$E$114,2,FALSE))) | H606: =IF(F606="","",VLOOKUP($F606,'金額'!$B$3:$I$44,8,FALSE)) | I606: =IF(F606="","",VLOOKUP($F606,'金額'!$B$3:$I$44,7,FALSE)) | L606: =IF($I606="","",IF(AND($B606="K",$E606="KTN"),2000,IF(AND($B606="K",$E606="WHZ"),2000,IF($E606="MAHA",1500,IF($G606=0,(VLOOKUP($K606,'判定表'!$B$3:$G$96,2,FALSE)),0))))) | M606: =IF($K606="","",IF($E606="ANC",(VLOOKUP($K606,'判定表'!$B$3:$G$95,3,FALSE)),IF(OR($E606="KTN",$E606="WHZ"),(VLOOKUP($K606,'判定表'!$B$3:$G$95,4,FALSE)*I606),0))) | N606: =IF($I606="","",IF($K606="","",IF($G606=1,(VLOOKUP($F606,'金額'!$B$3:$J$114,3,FALSE)),0))) | O606: =IF(F606="","",(L606*I606+M606+N606)) | P606: =IF($K606="","",IF($E606="KTN",(VLOOKUP($K606,'判定表'!$B$3:$I$95,8,FALSE)),IF($I606="","",(VLOOKUP($F606,'金額'!$B$3:$J$114,9,FALSE)))))
B607: =IF($K607="","",(VLOOKUP($K607,'判定表'!$B$3:$G$105,6,FALSE))) | D607: =IF(C607="","",upper(TEXT(C607, "DDD"))) | E607: =IF(F607="","",VLOOKUP($F607,'金額'!$B$3:$K$44,10,FALSE)) | G607: =IF($F607="","",(VLOOKUP($F607,'金額'!$B$3:$E$114,2,FALSE))) | H607: =IF(F607="","",VLOOKUP($F607,'金額'!$B$3:$I$44,8,FALSE)) | I607: =IF(F607="","",VLOOKUP($F607,'金額'!$B$3:$I$44,7,FALSE)) | L607: =IF($I607="","",IF(AND($B607="K",$E607="KTN"),2000,IF(AND($B607="K",$E607="WHZ"),2000,IF($E607="MAHA",1500,IF($G607=0,(VLOOKUP($K607,'判定表'!$B$3:$G$96,2,FALSE)),0))))) | M607: =IF($K607="","",IF($E607="ANC",(VLOOKUP($K607,'判定表'!$B$3:$G$95,3,FALSE)),IF(OR($E607="KTN",$E607="WHZ"),(VLOOKUP($K607,'判定表'!$B$3:$G$95,4,FALSE)*I607),0))) | N607: =IF($I607="","",IF($K607="","",IF($G607=1,(VLOOKUP($F607,'金額'!$B$3:$J$114,3,FALSE)),0))) | O607: =IF(F607="","",(L607*I607+M607+N607)) | P607: =IF($K607="","",IF($E607="KTN",(VLOOKUP($K607,'判定表'!$B$3:$I$95,8,FALSE)),IF($I607="","",(VLOOKUP($F607,'金額'!$B$3:$J$114,9,FALSE)))))
... B1252: =IF($K1252="","",(VLOOKUP($K1252,'判定表'!$B$3:$G$105,6,FALSE))) | D1252: =IF(C1252="","",upper(TEXT(C1252, "DDD"))) | E1252: =IF(F1252="","",VLOOKUP($F1252,'金額'!$B$3:$K$44,10,FALSE)) | G1252: =IF($F1252="","",(VLOOKUP($F1252,'金額'!$B$3:$E$114,2,FALSE))) | H1252: =IF(F1252="","",VLOOKUP($F1252,'金額'!$B$3:$I$44,8,FALSE)) | I1252: =IF(F1252="","",VLOOKUP($F1252,'金額'!$B$3:$I$44,7,FALSE)) | L1252: =IF($I1252="","",IF(AND($B1252="K",$E1252="KTN"),2000,IF(AND($B1252="K",$E1252="WHZ"),2000,IF($E1252="MAHA",1500,IF($G1252=0,(VLOOKUP($K1252,'判定表'!$B$3:$G$96,2,FALSE)),0))))) | M1252: =IF($K1252="","",IF($E1252="ANC",(VLOOKUP($K1252,'判定表'!$B$3:$G$95,3,FALSE)),IF(OR($E1252="KTN",$E1252="WHZ"),(VLOOKUP($K1252,'判定表'!$B$3:$G$95,4,FALSE)*I1252),0))) | N1252: =IF($I1252="","",IF($K1252="","",IF($G1252=1,(VLOOKUP($F1252,'金額'!$B$3:$J$114,3,FALSE)),0))) | O1252: =IF(F1252="","",(L1252*I1252+M1252+N1252)) | P1252: =IF($K1252="","",IF($E1252="KTN",(VLOOKUP($K1252,'判定表'!$B$3:$I$95,8,FALSE)),IF($I1252="","",(VLOOKUP($F1252,'金額'!$B$3:$J$114,9,FALSE)))))

Sheet 2.入力表
L2: 支払総計 | M2: =N7 -> 0
C6: 日程 | D6: 曜日 | E6: 現場 | G6: 案件名 | J6: 詳細 | K6: 名前 | L6: 数量 | M6: 単価 | N6: 合計金額
E7: 合計 | F7: 合計 | J7: 合計 | L7: =SUBTOTAL(9, L8:L5771) -> 0 | N7: =SUBTOTAL(9, N8:N2725) -> 0
B8: =IF($K8="","",(VLOOKUP($K8,'判定表'!$B$3:$G$108,6,FALSE))) | D8: =IF(C8="","",upper(TEXT(C8, "DDD"))) | E8: =IF(G8="","",VLOOKUP($G8,'金額'!$N$3:$O$62,2,FALSE)) | F8: =IF(G8="","",VLOOKUP($G8,'金額'!$N$3:$Q$62,4,FALSE)) | M8: =IF(G8="","", IF(G8="Palette TIP",#REF!,VLOOKUP(G8, '金額'!$N$3:$P$62, 3, FALSE))) | N8: =IF(G8="","",(L8*M8))
B9: =IF($K9="","",(VLOOKUP($K9,'判定表'!$B$3:$G$108,6,FALSE))) | D9: =IF(C9="","",upper(TEXT(C9, "DDD"))) | E9: =IF(G9="","",VLOOKUP($G9,'金額'!$N$3:$O$62,2,FALSE)) | F9: =IF(G9="","",VLOOKUP($G9,'金額'!$N$3:$Q$62,4,FALSE)) | M9: =IF(G9="","", IF(G9="Palette TIP",#REF!,VLOOKUP(G9, '金額'!$N$3:$P$62, 3, FALSE))) | N9: =IF(G9="","",(L9*M9))
B10: =IF($K10="","",(VLOOKUP($K10,'判定表'!$B$3:$G$108,6,FALSE))) | D10: =IF(C10="","",upper(TEXT(C10, "DDD"))) | E10: =IF(G10="","",VLOOKUP($G10,'金額'!$N$3:$O$62,2,FALSE)) | F10: =IF(G10="","",VLOOKUP($G10,'金額'!$N$3:$Q$62,4,FALSE)) | M10: =IF(G10="","", IF(G10="Palette TIP",#REF!,VLOOKUP(G10, '金額'!$N$3:$P$62, 3, FALSE))) | N10: =IF(G10="","",(L10*M10))
B11: =IF($K11="","",(VLOOKUP($K11,'判定表'!$B$3:$G$108,6,FALSE))) | D11: =IF(C11="","",upper(TEXT(C11, "DDD"))) | E11: =IF(G11="","",VLOOKUP($G11,'金額'!$N$3:$O$62,2,FALSE)) | F11: =IF(G11="","",VLOOKUP($G11,'金額'!$N$3:$Q$62,4,FALSE)) | M11: =IF(G11="","", IF(G11="Palette TIP",#REF!,VLOOKUP(G11, '金額'!$N$3:$P$62, 3, FALSE))) | N11: =IF(G11="","",(L11*M11))
B12: =IF($K12="","",(VLOOKUP($K12,'判定表'!$B$3:$G$108,6,FALSE))) | D12: =IF(C12="","",upper(TEXT(C12, "DDD"))) | E12: =IF(G12="","",VLOOKUP($G12,'金額'!$N$3:$O$62,2,FALSE)) | F12: =IF(G12="","",VLOOKUP($G12,'金額'!$N$3:$Q$62,4,FALSE)) | M12: =IF(G12="","", IF(G12="Palette TIP",#REF!,VLOOKUP(G12, '金額'!$N$3:$P$62, 3, FALSE))) | N12: =IF(G12="","",(L12*M12))
B13: =IF($K13="","",(VLOOKUP($K13,'判定表'!$B$3:$G$108,6,FALSE))) | D13: =IF(C13="","",upper(TEXT(C13, "DDD"))) | E13: =IF(G13="","",VLOOKUP($G13,'金額'!$N$3:$O$62,2,FALSE)) | F13: =IF(G13="","",VLOOKUP($G13,'金額'!$N$3:$Q$62,4,FALSE)) | M13: =IF(G13="","", IF(G13="Palette TIP",#REF!,VLOOKUP(G13, '金額'!$N$3:$P$62, 3, FALSE))) | N13: =IF(G13="","",(L13*M13))
B14: =IF($K14="","",(VLOOKUP($K14,'判定表'!$B$3:$G$108,6,FALSE))) | D14: =IF(C14="","",upper(TEXT(C14, "DDD"))) | E14: =IF(G14="","",VLOOKUP($G14,'金額'!$N$3:$O$62,2,FALSE)) | F14: =IF(G14="","",VLOOKUP($G14,'金額'!$N$3:$Q$62,4,FALSE)) | M14: =IF(G14="","", IF(G14="Palette TIP",#REF!,VLOOKUP(G14, '金額'!$N$3:$P$62, 3, FALSE))) | N14: =IF(G14="","",(L14*M14))
B15: =IF($K15="","",(VLOOKUP($K15,'判定表'!$B$3:$G$108,6,FALSE))) | D15: =IF(C15="","",upper(TEXT(C15, "DDD"))) | E15: =IF(G15="","",VLOOKUP($G15,'金額'!$N$3:$O$62,2,FALSE)) | F15: =IF(G15="","",VLOOKUP($G15,'金額'!$N$3:$Q$62,4,FALSE)) | M15: =IF(G15="","", IF(G15="Palette TIP",#REF!,VLOOKUP(G15, '金額'!$N$3:$P$62, 3, FALSE))) | N15: =IF(G15="","",(L15*M15))
B16: =IF($K16="","",(VLOOKUP($K16,'判定表'!$B$3:$G$108,6,FALSE))) | D16: =IF(C16="","",upper(TEXT(C16, "DDD"))) | E16: =IF(G16="","",VLOOKUP($G16,'金額'!$N$3:$O$62,2,FALSE)) | F16: =IF(G16="","",VLOOKUP($G16,'金額'!$N$3:$Q$62,4,FALSE)) | M16: =IF(G16="","", IF(G16="Palette TIP",#REF!,VLOOKUP(G16, '金額'!$N$3:$P$62, 3, FALSE))) | N16: =IF(G16="","",(L16*M16))
B17: =IF($K17="","",(VLOOKUP($K17,'判定表'!$B$3:$G$108,6,FALSE))) | D17: =IF(C17="","",upper(TEXT(C17, "DDD"))) | E17: =IF(G17="","",VLOOKUP($G17,'金額'!$N$3:$O$62,2,FALSE)) | F17: =IF(G17="","",VLOOKUP($G17,'金額'!$N$3:$Q$62,4,FALSE)) | M17: =IF(G17="","", IF(G17="Palette TIP",#REF!,VLOOKUP(G17, '金額'!$N$3:$P$62, 3, FALSE))) | N17: =IF(G17="","",(L17*M17))
B18: =IF($K18="","",(VLOOKUP($K18,'判定表'!$B$3:$G$108,6,FALSE))) | D18: =IF(C18="","",upper(TEXT(C18, "DDD"))) | E18: =IF(G18="","",VLOOKUP($G18,'金額'!$N$3:$O$62,2,FALSE)) | F18: =IF(G18="","",VLOOKUP($G18,'金額'!$N$3:$Q$62,4,FALSE)) | M18: =IF(G18="","", IF(G18="Palette TIP",#REF!,VLOOKUP(G18, '金額'!$N$3:$P$62, 3, FALSE))) | N18: =IF(G18="","",(L18*M18))
B19: =IF($K19="","",(VLOOKUP($K19,'判定表'!$B$3:$G$108,6,FALSE))) | D19: =IF(C19="","",upper(TEXT(C19, "DDD"))) | E19: =IF(G19="","",VLOOKUP($G19,'金額'!$N$3:$O$62,2,FALSE)) | F19: =IF(G19="","",VLOOKUP($G19,'金額'!$N$3:$Q$62,4,FALSE)) | M19: =IF(G19="","", IF(G19="Palette TIP",#REF!,VLOOKUP(G19, '金額'!$N$3:$P$62, 3, FALSE))) | N19: =IF(G19="","",(L19*M19))
... B460: =IF($K460="","",(VLOOKUP($K460,'判定表'!$B$3:$G$108,6,FALSE))) | D460: =IF(C460="","",upper(TEXT(C460, "DDD"))) | E460: =IF(G460="","",VLOOKUP($G460,'金額'!$N$3:$O$62,2,FALSE)) | F460: =IF(G460="","",VLOOKUP($G460,'金額'!$N$3:$Q$62,4,FALSE)) | M460: =IF(G460="","", IF(G460="Palette TIP",#REF!,VLOOKUP(G460, '金額'!$N$3:$P$62, 3, FALSE))) | N460: =IF(G460="","",(L460*M460))
B461: =IF($K461="","",(VLOOKUP($K461,'判定表'!$B$3:$G$108,6,FALSE))) | D461: =IF(C461="","",upper(TEXT(C461, "DDD"))) | E461: =IF(G461="","",VLOOKUP($G461,'金額'!$N$3:$O$62,2,FALSE)) | F461: =IF(G461="","",VLOOKUP($G461,'金額'!$N$3:$Q$62,4,FALSE)) | M461: =IF(G461="","", IF(G461="Palette TIP",#REF!,VLOOKUP(G461, '金額'!$N$3:$P$62, 3, FALSE))) | N461: =IF(G461="","",(L461*M461)) | O461: WチェックOK
B462: =IF($K462="","",(VLOOKUP($K462,'判定表'!$B$3:$G$108,6,FALSE))) | D462: =IF(C462="","",upper(TEXT(C462, "DDD"))) | E462: =IF(G462="","",VLOOKUP($G462,'金額'!$N$3:$O$62,2,FALSE)) | F462: =IF(G462="","",VLOOKUP($G462,'金額'!$N$3:$Q$62,4,FALSE)) | M462: =IF(G462="","", IF(G462="Palette TIP",#REF!,VLOOKUP(G462, '金額'!$N$3:$P$62, 3, FALSE))) | N462: =IF(G462="","",(L462*M462))
B463: =IF($K463="","",(VLOOKUP($K463,'判定表'!$B$3:$G$108,6,FALSE))) | D463: =IF(C463="","",upper(TEXT(C463, "DDD"))) | E463: =IF(G463="","",VLOOKUP($G463,'金額'!$N$3:$O$62,2,FALSE)) | F463: =IF(G463="","",VLOOKUP($G463,'金額'!$N$3:$Q$62,4,FALSE)) | M463: =IF(G463="","", IF(G463="Palette TIP",#REF!,VLOOKUP(G463, '金額'!$N$3:$P$62, 3, FALSE))) | N463: =IF(G463="","",(L463*M463))
B464: =IF($K464="","",(VLOOKUP($K464,'判定表'!$B$3:$G$108,6,FALSE))) | D464: =IF(C464="","",upper(TEXT(C464, "DDD"))) | E464: =IF(G464="","",VLOOKUP($G464,'金額'!$N$3:$O$62,2,FALSE)) | F464: =IF(G464="","",VLOOKUP($G464,'金額'!$N$3:$Q$62,4,FALSE)) | M464: =IF(G464="","", IF(G464="Palette TIP",#REF!,VLOOKUP(G464, '金額'!$N$3:$P$62, 3, FALSE))) | N464: =IF(G464="","",(L464*M464))
B465: =IF($K465="","",(VLOOKUP($K465,'判定表'!$B$3:$G$108,6,FALSE))) | D465: =IF(C465="","",upper(TEXT(C465, "DDD"))) | E465: =IF(G465="","",VLOOKUP($G465,'金額'!$N$3:$O$62,2,FALSE)) | F465: =IF(G465="","",VLOOKUP($G465,'金額'!$N$3:$Q$62,4,FALSE)) | M465: =IF(G465="","", IF(G465="Palette TIP",#REF!,VLOOKUP(G465, '金額'!$N$3:$P$62, 3, FALSE))) | N465: =IF(G465="","",(L465*M465))
B466: =IF($K466="","",(VLOOKUP($K466,'判定表'!$B$3:$G$108,6,FALSE))) | D466: =IF(C466="","",upper(TEXT(C466, "DDD"))) | E466: =IF(G466="","",VLOOKUP($G466,'金額'!$N$3:$O$62,2,FALSE)) | F466: =IF(G466="","",VLOOKUP($G466,'金額'!$N$3:$Q$62,4,FALSE)) | M466: =IF(G466="","", IF(G466="Palette TIP",#REF!,VLOOKUP(G466, '金額'!$N$3:$P$62, 3, FALSE))) | N466: =IF(G466="","",(L466*M466))
B467: =IF($K467="","",(VLOOKUP($K467,'判定表'!$B$3:$G$108,6,FALSE))) | D467: =IF(C467="","",upper(TEXT(C467, "DDD"))) | E467: =IF(G467="","",VLOOKUP($G467,'金額'!$N$3:$O$62,2,FALSE)) | F467: =IF(G467="","",VLOOKUP($G467,'金額'!$N$3:$Q$62,4,FALSE)) | M467: =IF(G467="","", IF(G467="Palette TIP",#REF!,VLOOKUP(G467, '金額'!$N$3:$P$62, 3, FALSE))) | N467: =IF(G467="","",(L467*M467))
B468: =IF($K468="","",(VLOOKUP($K468,'判定表'!$B$3:$G$108,6,FALSE))) | D468: =IF(C468="","",upper(TEXT(C468, "DDD"))) | E468: =IF(G468="","",VLOOKUP($G468,'金額'!$N$3:$O$62,2,FALSE)) | F468: =IF(G468="","",VLOOKUP($G468,'金額'!$N$3:$Q$62,4,FALSE)) | M468: =IF(G468="","", IF(G468="Palette TIP",#REF!,VLOOKUP(G468, '金額'!$N$3:$P$62, 3, FALSE))) | N468: =IF(G468="","",(L468*M468))
B469: =IF($K469="","",(VLOOKUP($K469,'判定表'!$B$3:$G$108,6,FALSE))) | D469: =IF(C469="","",upper(TEXT(C469, "DDD"))) | E469: =IF(G469="","",VLOOKUP($G469,'金額'!$N$3:$O$62,2,FALSE)) | F469: =IF(G469="","",VLOOKUP($G469,'金額'!$N$3:$Q$62,4,FALSE)) | M469: =IF(G469="","", IF(G469="Palette TIP",#REF!,VLOOKUP(G469, '金額'!$N$3:$P$62, 3, FALSE))) | N469: =IF(G469="","",(L469*M469))
B470: =IF($K470="","",(VLOOKUP($K470,'判定表'!$B$3:$G$108,6,FALSE))) | D470: =IF(C470="","",upper(TEXT(C470, "DDD"))) | E470: =IF(G470="","",VLOOKUP($G470,'金額'!$N$3:$O$62,2,FALSE)) | F470: =IF(G470="","",VLOOKUP($G470,'金額'!$N$3:$Q$62,4,FALSE)) | M470: =IF(G470="","", IF(G470="Palette TIP",#REF!,VLOOKUP(G470, '金額'!$N$3:$P$62, 3, FALSE))) | N470: =IF(G470="","",(L470*M470))
B471: =IF($K471="","",(VLOOKUP($K471,'判定表'!$B$3:$G$108,6,FALSE))) | D471: =IF(C471="","",upper(TEXT(C471, "DDD"))) | E471: =IF(G471="","",VLOOKUP($G471,'金額'!$N$3:$O$62,2,FALSE)) | F471: =IF(G471="","",VLOOKUP($G471,'金額'!$N$3:$Q$62,4,FALSE)) | M471: =IF(G471="","", IF(G471="Palette TIP",#REF!,VLOOKUP(G471, '金額'!$N$3:$P$62, 3, FALSE))) | N471: =IF(G471="","",(L471*M471))
B472: =IF($K472="","",(VLOOKUP($K472,'判定表'!$B$3:$G$108,6,FALSE))) | D472: =IF(C472="","",upper(TEXT(C472, "DDD"))) | E472: =IF(G472="","",VLOOKUP($G472,'金額'!$N$3:$O$62,2,FALSE)) | F472: =IF(G472="","",VLOOKUP($G472,'金額'!$N$3:$Q$62,4,FALSE)) | M472: =IF(G472="","", IF(G472="Palette TIP",#REF!,VLOOKUP(G472, '金額'!$N$3:$P$62, 3, FALSE))) | N472: =IF(G472="","",(L472*M472))
B473: =IF($K473="","",(VLOOKUP($K473,'判定表'!$B$3:$G$108,6,FALSE))) | D473: =IF(C473="","",upper(TEXT(C473, "DDD"))) | E473: =IF(G473="","",VLOOKUP($G473,'金額'!$N$3:$O$62,2,FALSE)) | F473: =IF(G473="","",VLOOKUP($G473,'金額'!$N$3:$Q$62,4,FALSE)) | M473: =IF(G473="","", IF(G473="Palette TIP",#REF!,VLOOKUP(G473, '金額'!$N$3:$P$62, 3, FALSE))) | N473: =IF(G473="","",(L473*M473))
... B1696: =IF($K1696="","",(VLOOKUP($K1696,'判定表'!$B$3:$G$108,6,FALSE))) | D1696: =IF(C1696="","",upper(TEXT(C1696, "DDD"))) | E1696: =IF(G1696="","",VLOOKUP($G1696,'金額'!$N$3:$O$62,2,FALSE)) | F1696: =IF(G1696="","",VLOOKUP($G1696,'金額'!$N$3:$Q$62,4,FALSE)) | M1696: =IF(G1696="","", IF(G1696="Palette TIP",#REF!,VLOOKUP(G1696, '金額'!$N$3:$P$62, 3, FALSE))) | N1696: =IF(G1696="","",(L1696*M1696))
B1697: =IF($K1697="","",(VLOOKUP($K1697,'判定表'!$B$3:$G$108,6,FALSE))) | D1697: =IF(C1697="","",upper(TEXT(C1697, "DDD"))) | E1697: =IF(G1697="","",VLOOKUP($G1697,'金額'!$N$3:$O$62,2,FALSE)) | M1697: =IF(G1697="","", IF(G1697="Palette TIP",#REF!,VLOOKUP(G1697, '金額'!$N$3:$P$62, 3, FALSE))) | N1697: =IF(G1697="","",(L1697*M1697))
B1698: =IF($K1698="","",(VLOOKUP($K1698,'判定表'!$B$3:$G$108,6,FALSE))) | D1698: =IF(C1698="","",upper(TEXT(C1698, "DDD"))) | E1698: =IF(G1698="","",VLOOKUP($G1698,'金額'!$N$3:$O$62,2,FALSE)) | M1698: =IF(G1698="","", IF(G1698="Palette TIP",#REF!,VLOOKUP(G1698, '金額'!$N$3:$P$62, 3, FALSE))) | N1698: =IF(G1698="","",(L1698*M1698))
B1699: =IF($K1699="","",(VLOOKUP($K1699,'判定表'!$B$3:$G$108,6,FALSE))) | D1699: =IF(C1699="","",upper(TEXT(C1699, "DDD"))) | E1699: =IF(G1699="","",VLOOKUP($G1699,'金額'!$N$3:$O$62,2,FALSE)) | M1699: =IF(G1699="","", IF(G1699="Palette TIP",#REF!,VLOOKUP(G1699, '金額'!$N$3:$P$62, 3, FALSE))) | N1699: =IF(G1699="","",(L1699*M1699))
B1700: =IF($K1700="","",(VLOOKUP($K1700,'判定表'!$B$3:$G$108,6,FALSE))) | D1700: =IF(C1700="","",upper(TEXT(C1700, "DDD"))) | E1700: =IF(G1700="","",VLOOKUP($G1700,'金額'!$N$3:$O$62,2,FALSE)) | M1700: =IF(G1700="","", IF(G1700="Palette TIP",#REF!,VLOOKUP(G1700, '金額'!$N$3:$P$62, 3, FALSE))) | N1700: =IF(G1700="","",(L1700*M1700))
B1701: =IF($K1701="","",(VLOOKUP($K1701,'判定表'!$B$3:$G$108,6,FALSE))) | D1701: =IF(C1701="","",upper(TEXT(C1701, "DDD"))) | E1701: =IF(G1701="","",VLOOKUP($G1701,'金額'!$N$3:$O$62,2,FALSE)) | M1701: =IF(G1701="","", IF(G1701="Palette TIP",#REF!,VLOOKUP(G1701, '金額'!$N$3:$P$62, 3, FALSE))) | N1701: =IF(G1701="","",(L1701*M1701))
B1702: =IF($K1702="","",(VLOOKUP($K1702,'判定表'!$B$3:$G$108,6,FALSE))) | D1702: =IF(C1702="","",upper(TEXT(C1702, "DDD"))) | E1702: =IF(G1702="","",VLOOKUP($G1702,'金額'!$N$3:$O$62,2,FALSE)) | M1702: =IF(G1702="","", IF(G1702="Palette TIP",#REF!,VLOOKUP(G1702, '金額'!$N$3:$P$62, 3, FALSE))) | N1702: =IF(G1702="","",(L1702*M1702))
B1703: =IF($K1703="","",(VLOOKUP($K1703,'判定表'!$B$3:$G$108,6,FALSE))) | D1703: =IF(C1703="","",upper(TEXT(C1703, "DDD"))) | E1703: =IF(G1703="","",VLOOKUP($G1703,'金額'!$N$3:$O$62,2,FALSE)) | M1703: =IF(G1703="","", IF(G1703="Palette TIP",#REF!,VLOOKUP(G1703, '金額'!$N$3:$P$62, 3, FALSE))) | N1703: =IF(G1703="","",(L1703*M1703))
B1704: =IF($K1704="","",(VLOOKUP($K1704,'判定表'!$B$3:$G$108,6,FALSE))) | D1704: =IF(C1704="","",upper(TEXT(C1704, "DDD"))) | E1704: =IF(G1704="","",VLOOKUP($G1704,'金額'!$N$3:$O$62,2,FALSE)) | M1704: =IF(G1704="","", IF(G1704="Palette TIP",#REF!,VLOOKUP(G1704, '金額'!$N$3:$P$62, 3, FALSE))) | N1704: =IF(G1704="","",(L1704*M1704))
B1705: =IF($K1705="","",(VLOOKUP($K1705,'判定表'!$B$3:$G$108,6,FALSE))) | D1705: =IF(C1705="","",upper(TEXT(C1705, "DDD"))) | E1705: =IF(G1705="","",VLOOKUP($G1705,'金額'!$N$3:$O$62,2,FALSE)) | M1705: =IF(G1705="","", IF(G1705="Palette TIP",#REF!,VLOOKUP(G1705, '金額'!$N$3:$P$62, 3, FALSE))) | N1705: =IF(G1705="","",(L1705*M1705))
B1706: =IF($K1706="","",(VLOOKUP($K1706,'判定表'!$B$3:$G$108,6,FALSE))) | D1706: =IF(C1706="","",upper(TEXT(C1706, "DDD"))) | E1706: =IF(G1706="","",VLOOKUP($G1706,'金額'!$N$3:$O$62,2,FALSE)) | M1706: =IF(G1706="","", IF(G1706="Palette TIP",#REF!,VLOOKUP(G1706, '金額'!$N$3:$P$62, 3, FALSE))) | N1706: =IF(G1706="","",(L1706*M1706))
B1707: =IF($K1707="","",(VLOOKUP($K1707,'判定表'!$B$3:$G$108,6,FALSE))) | D1707: =IF(C1707="","",upper(TEXT(C1707, "DDD"))) | E1707: =IF(G1707="","",VLOOKUP($G1707,'金額'!$N$3:$O$62,2,FALSE)) | M1707: =IF(G1707="","", IF(G1707="Palette TIP",#REF!,VLOOKUP(G1707, '金額'!$N$3:$P$62, 3, FALSE))) | N1707: =IF(G1707="","",(L1707*M1707))
B1708: =IF($K1708="","",(VLOOKUP($K1708,'判定表'!$B$3:$G$108,6,FALSE))) | D1708: =IF(C1708="","",upper(TEXT(C1708, "DDD"))) | E1708: =IF(G1708="","",VLOOKUP($G1708,'金額'!$N$3:$O$62,2,FALSE)) | M1708: =IF(G1708="","", IF(G1708="Palette TIP",#REF!,VLOOKUP(G1708, '金額'!$N$3:$P$62, 3, FALSE))) | N1708: =IF(G1708="","",(L1708*M1708))
... B1762: =IF($K1762="","",(VLOOKUP($K1762,'判定表'!$B$3:$G$108,6,FALSE))) | D1762: =IF(C1762="","",upper(TEXT(C1762, "DDD"))) | E1762: =IF(G1762="","",VLOOKUP($G1762,'金額'!$N$3:$O$62,2,FALSE)) | M1762: =IF(G1762="","", IF(G1762="Palette TIP",#REF!,VLOOKUP(G1762, '金額'!$N$3:$P$62, 3, FALSE))) | N1762: =IF(G1762="","",(L1762*M1762))
B1763: =IF($K1763="","",(VLOOKUP($K1763,'判定表'!$B$3:$G$108,6,FALSE))) | D1763: =IF(C1763="","",upper(TEXT(C1763, "DDD"))) | E1763: =IF(G1763="","",VLOOKUP($G1763,'金額'!$N$3:$O$62,2,FALSE)) | M1763: =IF(G1763="","", IF(G1763="Palette TIP",#REF!,VLOOKUP(G1763, '金額'!$N$3:$P$62, 3, FALSE))) | N1763: =IF(G1763="","",(L1763*M1763)) | O1763: =IF(C1763="","",CONCATENATE(MONTH($C1763),"/",DAY($C1763)," ",G1763,VLOOKUP($M1763,時給表,2,FALSE),"(",#REF!,")"))

Sheet 外注連絡票
A1: ≪令和8年3月分 外注費支払表≫ | E1: 作成日： | F1: 46117
E2: 締 日 ： | F2: 46112
A3: 大阪ダンサー | E3: 支払日 ： | F3: 46139
B5: 在籍 | C5: ｺｰﾄﾞ | D5: 芸名 | E5: 氏名 | F5: 案件報酬 出演費 | G5: 案件報酬 インセンティブ | H5: 交通費 | I5: 課税支払 | J5: 所得税 （課税支払 ×10.21%） | K5: 差引支払額 | L5: 立替 | M5: 振込金額 | N5: 振込先口座 | O5: 口座番号 | P5: 口座名義 | Q5: 住所 | T5: 連絡先
B6: THP Dancers | C6: 303 | D6: 斉藤愛乃 | E6: 斎藤愛乃 | F6: =IF(E6="","", SUMIF('1.入力表'!$K$8:$K$1368,D6,'1.入力表'!$O$8:$O$1368)) -> 0 | G6: =IF(E6="","", SUMIF('2.入力表'!$K$8:$K$1650,D6,'2.入力表'!$N$8:$N$1650)) -> 0 | H6: =IF(E6="","", SUMIF('1.入力表'!$K$8:$K$1368,D6,'1.入力表'!$P$8:$P$1368)) -> 0 | I6: =IF(E6="","",SUM(F6:H6)) -> 0 | J6: =IF(E6="","",IF(I6>1000000,ROUNDDOWN(1000000*10.21%,0)+(I6-1000000)*20.42%,ROUNDDOWN(I6*10.21%,0))) -> 0 | K6: =IF(I6="","",I6-J6) -> 0 | L6: 0 | M6: =IF(E6="","",SUM(K6:L6)) -> 0 | N6: みずほ銀行 船場支店 | O6: 2048365 | P6: ｻｲﾄｳ ｱｲﾉ | Q6: 〒 | R6: 610-1113 | S6: 京都市西京区大枝南福西町2-5-8 | T6: 090-1599-1402
B7: THP Dancers | C7: - | D7: 伊藤悠亜 | E7: 金澤千夏 | F7: =IF(E7="","", SUMIF('1.入力表'!$K$8:$K$1368,D7,'1.入力表'!$O$8:$O$1368)) -> 0 | G7: =IF(E7="","", SUMIF('2.入力表'!$K$8:$K$1650,D7,'2.入力表'!$N$8:$N$1650)) -> 0 | H7: =IF(E7="","", SUMIF('1.入力表'!$K$8:$K$1368,D7,'1.入力表'!$P$8:$P$1368)) -> 0 | I7: =IF(E7="","",SUM(F7:H7)) -> 0 | J7: =IF(E7="","",IF(I7>1000000,ROUNDDOWN(1000000*10.21%,0)+(I7-1000000)*20.42%,ROUNDDOWN(I7*10.21%,0))) -> 0 | K7: =IF(I7="","",I7-J7) -> 0 | L7: 0 | M7: =IF(E7="","",SUM(K7:L7)) -> 0 | N7: 三井住友銀行 難波支店 | O7: 8322416 | P7: ｶﾅｻﾞﾜ ﾁﾅﾂ | Q7: 〒 | R7: 550-0027 | S7: 大阪府大阪市西区九条3丁目27-8九条ソリティア402 | T7: 090-2288-4870
B8: THP Dancers | C8: - | D8: 佐藤ほの | E8: 菅原帆夏 | F8: =IF(E8="","", SUMIF('1.入力表'!$K$8:$K$1372,D8,'1.入力表'!$O$8:$O$1372)) -> 0 | G8: =IF(E8="","", SUMIF('2.入力表'!$K$8:$K$1650,D8,'2.入力表'!$N$8:$N$1650)) -> 0 | H8: =IF(E8="","", SUMIF('1.入力表'!$K$8:$K$1372,D8,'1.入力表'!$P$8:$P$1372)) -> 0 | I8: =IF(E8="","",SUM(F8:H8)) -> 0 | J8: =IF(E8="","",IF(I8>1000000,ROUNDDOWN(1000000*10.21%,0)+(I8-1000000)*20.42%,ROUNDDOWN(I8*10.21%,0))) -> 0 | K8: =IF(I8="","",I8-J8) -> 0 | L8: 0 | M8: =IF(E8="","",SUM(K8:L8)) -> 0 | N8: ゆうちょ銀行 九〇八 | O8: 5120515 | P8: ｽｶﾞﾜﾗ ﾎﾉｶ | Q8: 〒 | R8: 532-0025 | S8: 大阪府大阪市淀川区新北野1丁目9-9メロディア新北野505 | T8: 080-9878-2269
B9: THP Dancers | C9: - | D9: 星野もも | E9: 深井桃香 | F9: =IF(E9="","", SUMIF('1.入力表'!$K$8:$K$1372,D9,'1.入力表'!$O$8:$O$1372)) -> 0 | G9: =IF(E9="","", SUMIF('2.入力表'!$K$8:$K$1650,D9,'2.入力表'!$N$8:$N$1650)) -> 0 | H9: =IF(E9="","", SUMIF('1.入力表'!$K$8:$K$1372,D9,'1.入力表'!$P$8:$P$1372)) -> 0 | I9: =IF(E9="","",SUM(F9:H9)) -> 0 | J9: =IF(E9="","",IF(I9>1000000,ROUNDDOWN(1000000*10.21%,0)+(I9-1000000)*20.42%,ROUNDDOWN(I9*10.21%,0))) -> 0 | K9: =IF(I9="","",I9-J9) -> 0 | L9: 0 | M9: =IF(E9="","",SUM(K9:L9)) -> 0 | N9: 京都銀行 伏見支店 | O9: 3938202 | P9: ﾌｶｲ ﾓﾓｶ | Q9: 〒 | R9: 542-0081 | S9: 大阪府大阪市中央区南船場1丁目4-12ドエル南船場801 | T9: 080-9127-2030
B10: THP Dancers | C10: 1047 | D10: 大島花織 | E10: 岡田花織 | F10: =IF(E10="","", SUMIF('1.入力表'!$K$8:$K$1372,D10,'1.入力表'!$O$8:$O$1372)) -> 0 | G10: =IF(E10="","", SUMIF('2.入力表'!$K$8:$K$1650,D10,'2.入力表'!$N$8:$N$1650)) -> 0 | H10: =IF(E10="","", SUMIF('1.入力表'!$K$8:$K$1372,D10,'1.入力表'!$P$8:$P$1372)) -> 0 | I10: =IF(E10="","",SUM(F10:H10)) -> 0 | J10: =IF(E10="","",IF(I10>1000000,ROUNDDOWN(1000000*10.21%,0)+(I10-1000000)*20.42%,ROUNDDOWN(I10*10.21%,0))) -> 0 | K10: =IF(I10="","",I10-J10) -> 0 | L10: 0 | M10: =IF(E10="","",SUM(K10:L10)) -> 0 | N10: みずほ銀行 阪急梅田支店 | O10: 3028981 | P10: ｵｶﾀﾞ ｶｵﾘ | Q10: 〒 | R10: 542-0012 | S10: 大阪府大阪市中央区谷町7-2-7 REIOS谷町802 | T10: 070-2230-2950
B11: THP Dancers | C11: 1057 | D11: 中条舞結 | E11: 中村真悠 | F11: =IF(E11="","", SUMIF('1.入力表'!$K$8:$K$1368,D11,'1.入力表'!$O$8:$O$1368)) -> 0 | G11: =IF(E11="","", SUMIF('2.入力表'!$K$8:$K$1650,D11,'2.入力表'!$N$8:$N$1650)) -> 0 | H11: =IF(E11="","", SUMIF('1.入力表'!$K$8:$K$1368,D11,'1.入力表'!$P$8:$P$1368)) -> 0 | I11: =IF(E11="","",SUM(F11:H11)) -> 0 | J11: =IF(E11="","",IF(I11>1000000,ROUNDDOWN(1000000*10.21%,0)+(I11-1000000)*20.42%,ROUNDDOWN(I11*10.21%,0))) -> 0 | K11: =IF(I11="","",I11-J11) -> 0 | L11: 0 | M11: =IF(E11="","",SUM(K11:L11)) -> 0 | N11: みずほ銀行 姫路支店 | O11: 3018632 | P11: ﾅｶﾑﾗ ﾏﾕ | Q11: 〒 | R11: 542-0081 | S11: 大阪市中央区南船場1-12-5-302 | T11: 080-2526-6248
B12: THP Dancers | C12: - | D12: 七瀬亜美 | E12: 高橋七々夏 | F12: =IF(E12="","", SUMIF('1.入力表'!$K$8:$K$1368,D12,'1.入力表'!$O$8:$O$1368)) -> 0 | G12: =IF(E12="","", SUMIF('2.入力表'!$K$8:$K$1650,D12,'2.入力表'!$N$8:$N$1650)) -> 0 | H12: =IF(E12="","", SUMIF('1.入力表'!$K$8:$K$1368,D12,'1.入力表'!$P$8:$P$1368)) -> 0 | I12: =IF(E12="","",SUM(F12:H12)) -> 0 | J12: =IF(E12="","",IF(I12>1000000,ROUNDDOWN(1000000*10.21%,0)+(I12-1000000)*20.42%,ROUNDDOWN(I12*10.21%,0))) -> 0 | K12: =IF(I12="","",I12-J12) -> 0 | L12: 0 | M12: =IF(E12="","",SUM(K12:L12)) -> 0 | N12: 三井住友銀行 府中支店 | O12: 7909982 | P12: ﾀｶﾊｼ ﾅﾅｶ | Q12: 〒 | R12: 615-0023 | S12: 京都府京都市右京区西院西平町8-2CASA西院不動ハイツ203 | T12: 090-1264-6662
B13: THP Dancers | C13: 1099 | D13: セリカ | E13: 間所玲衣 | F13: =IF(E13="","", SUMIF('1.入力表'!$K$8:$K$1368,D13,'1.入力表'!$O$8:$O$1368)) -> 0 | G13: =IF(E13="","", SUMIF('2.入力表'!$K$8:$K$1650,D13,'2.入力表'!$N$8:$N$1650)) -> 0 | H13: =IF(E13="","", SUMIF('1.入力表'!$K$8:$K$1368,D13,'1.入力表'!$P$8:$P$1368)) -> 0 | I13: =IF(E13="","",SUM(F13:H13)) -> 0 | J13: =IF(E13="","",IF(I13>1000000,ROUNDDOWN(1000000*10.21%,0)+(I13-1000000)*20.42%,ROUNDDOWN(I13*10.21%,0))) -> 0 | K13: =IF(I13="","",I13-J13) -> 0 | L13: 0 | M13: =IF(E13="","",SUM(K13:L13)) -> 0 | N13: 三井住友銀行 京阪京橋支店 | O13: 2196906 | P13: ﾏﾄﾞｺﾛ ﾚｲ | Q13: 〒 | R13: 541-0058 | S13: 大阪市中央区南久宝寺町1-5-9アーデンタワー本町イースト506 | T13: 090-6325-1696
B14: THP Dancers | C14: 1105 | D14: アスミ | E14: 大下亜純 | F14: =IF(E14="","", SUMIF('1.入力表'!$K$8:$K$1368,D14,'1.入力表'!$O$8:$O$1368)) -> 0 | G14: =IF(E14="","", SUMIF('2.入力表'!$K$8:$K$1650,D14,'2.入力表'!$N$8:$N$1650)) -> 0 | H14: =IF(E14="","", SUMIF('1.入力表'!$K$8:$K$1368,D14,'1.入力表'!$P$8:$P$1368)) -> 0 | I14: =IF(E14="","",SUM(F14:H14)) -> 0 | J14: =IF(E14="","",IF(I14>1000000,ROUNDDOWN(1000000*10.21%,0)+(I14-1000000)*20.42%,ROUNDDOWN(I14*10.21%,0))) -> 0 | K14: =IF(I14="","",I14-J14) -> 0 | L14: 0 | M14: =IF(E14="","",SUM(K14:L14)) -> 0 | N14: 三菱UFJ銀行 明石支店 | O14: 0443762 | P14: ｵｵｼﾀ ｱｽﾐ | Q14: 〒 | R14: 556-0003 | S14: 大阪府大阪市浪速区恵美須西3-14-23-402 | T14: 080-4230-1737
A15: 住所変更 | B15: THP Dancers | C15: - | D15: 西井リナ | E15: 岸部里奈 | F15: =IF(E15="","", SUMIF('1.入力表'!$K$8:$K$1368,D15,'1.入力表'!$O$8:$O$1368)) -> 0 | G15: =IF(E15="","", SUMIF('2.入力表'!$K$8:$K$1650,D15,'2.入力表'!$N$8:$N$1650)) -> 0 | H15: =IF(E15="","", SUMIF('1.入力表'!$K$8:$K$1368,D15,'1.入力表'!$P$8:$P$1368)) -> 0 | I15: =IF(E15="","",SUM(F15:H15)) -> 0 | J15: =IF(E15="","",IF(I15>1000000,ROUNDDOWN(1000000*10.21%,0)+(I15-1000000)*20.42%,ROUNDDOWN(I15*10.21%,0))) -> 0 | K15: =IF(I15="","",I15-J15) -> 0 | L15: 0 | M15: =IF(E15="","",SUM(K15:L15)) -> 0 | N15: みずほ銀行 西宮北口支店 | O15: 3011507 | P15: ｷｼﾍﾞ ﾘﾅ | Q15: 〒 | R15: 556-0006 | S15: 日本橋東1丁目12番17-701号 | T15: 080-8329-2993
B16: THP Dancers | C16: - | D16: 松尾奈美 | E16: 寺澤菜々子 | F16: =IF(E16="","", SUMIF('1.入力表'!$K$8:$K$1368,D16,'1.入力表'!$O$8:$O$1368)) -> 0 | G16: =IF(E16="","", SUMIF('2.入力表'!$K$8:$K$1650,D16,'2.入力表'!$N$8:$N$1650)) -> 0 | H16: =IF(E16="","", SUMIF('1.入力表'!$K$8:$K$1368,D16,'1.入力表'!$P$8:$P$1368)) -> 0 | I16: =IF(E16="","",SUM(F16:H16)) -> 0 | J16: =IF(E16="","",IF(I16>1000000,ROUNDDOWN(1000000*10.21%,0)+(I16-1000000)*20.42%,ROUNDDOWN(I16*10.21%,0))) -> 0 | K16: =IF(I16="","",I16-J16) -> 0 | L16: 0 | M16: =IF(E16="","",SUM(K16:L16)) -> 0 | N16: 紀陽銀行 鳳支店 | O16: 0742338 | P16: ﾃﾗｻﾜ ﾅﾅｺ | Q16: 〒 | R16: 550-0011 | S16: 大阪府大阪市西区阿波座1丁目14-6アーデンタワー西本町 401 | T16: 080-6149-9071
B17: THP Dancers | C17: - | D17: 河谷美奈 | E17: 十時実那 | F17: =IF(E17="","", SUMIF('1.入力表'!$K$8:$K$1368,D17,'1.入力表'!$O$8:$O$1368)) -> 0 | G17: =IF(E17="","", SUMIF('2.入力表'!$K$8:$K$1650,D17,'2.入力表'!$N$8:$N$1650)) -> 0 | H17: =IF(E17="","", SUMIF('1.入力表'!$K$8:$K$1368,D17,'1.入力表'!$P$8:$P$1368)) -> 0 | I17: =IF(E17="","",SUM(F17:H17)) -> 0 | J17: =IF(E17="","",IF(I17>1000000,ROUNDDOWN(1000000*10.21%,0)+(I17-1000000)*20.42%,ROUNDDOWN(I17*10.21%,0))) -> 0 | K17: =IF(I17="","",I17-J17) -> 0 | L17: 0 | M17: =IF(E17="","",SUM(K17:L17)) -> 0 | N17: りそな銀行 久米田支店 | O17: 0299706 | P17: ﾄﾄｷ ﾐﾅ | Q17: 〒 | R17: 596-0805 | S17: 岸和田市田治米町173-14 | T17: 080-9747-4963
B18: THP Dancers | C18: - | D18: 椿菜月 | E18: 新谷菜月 | F18: =IF(E18="","", SUMIF('1.入力表'!$K$8:$K$1368,D18,'1.入力表'!$O$8:$O$1368)) -> 0 | G18: =IF(E18="","", SUMIF('2.入力表'!$K$8:$K$1650,D18,'2.入力表'!$N$8:$N$1650)) -> 0 | H18: =IF(E18="","", SUMIF('1.入力表'!$K$8:$K$1368,D18,'1.入力表'!$P$8:$P$1368)) -> 0 | I18: =IF(E18="","",SUM(F18:H18)) -> 0 | J18: =IF(E18="","",IF(I18>1000000,ROUNDDOWN(1000000*10.21%,0)+(I18-1000000)*20.42%,ROUNDDOWN(I18*10.21%,0))) -> 0 | K18: =IF(I18="","",I18-J18) -> 0 | L18: 0 | M18: =IF(E18="","",SUM(K18:L18)) -> 0 | N18: 三井住友銀行 大阪西支店 | O18: 7094983 | P18: ｼﾝﾀﾆ ﾅﾂｷ | Q18: 〒 | R18: 651-0087 | S18: 兵庫県神戸市中央区御幸通３丁目1-24 エルトスト神戸302 | T18: 090-6276-2594
B19: THP Dancers | C19: - | D19: 木戸つかさ | E19: 村上つかさ | F19: =IF(E19="","", SUMIF('1.入力表'!$K$8:$K$1368,D19,'1.入力表'!$O$8:$O$1368)) -> 0 | G19: =IF(E19="","", SUMIF('2.入力表'!$K$8:$K$1650,D19,'2.入力表'!$N$8:$N$1650)) -> 0 | H19: =IF(E19="","", SUMIF('1.入力表'!$K$8:$K$1368,D19,'1.入力表'!$P$8:$P$1368)) -> 0 | I19: =IF(E19="","",SUM(F19:H19)) -> 0 | J19: =IF(E19="","",IF(I19>1000000,ROUNDDOWN(1000000*10.21%,0)+(I19-1000000)*20.42%,ROUNDDOWN(I19*10.21%,0))) -> 0 | K19: =IF(I19="","",I19-J19) -> 0 | L19: 0 | M19: =IF(E19="","",SUM(K19:L19)) -> 0 | N19: 三菱UFJ銀行 谷町支店 | O19: 0178526 | P19: ﾑﾗｶﾐ ﾂｶｻ | Q19: 〒 | R19: 540-0026 | S19: 大阪府大阪市中央区内本町1-3-6 | T19: 090-3464-7449
B20: THP Dancers | D20: 藤川薗絵 | E20: 藤本苑枝 | F20: =IF(E20="","", SUMIF('1.入力表'!$K$8:$K$1368,D20,'1.入力表'!$O$8:$O$1368)) -> 0 | G20: =IF(E20="","", SUMIF('2.入力表'!$K$8:$K$1650,D20,'2.入力表'!$N$8:$N$1650)) -> 0 | H20: =IF(E20="","", SUMIF('1.入力表'!$K$8:$K$1368,D20,'1.入力表'!$P$8:$P$1368)) -> 0 | I20: =IF(E20="","",SUM(F20:H20)) -> 0 | J20: =IF(E20="","",IF(I20>1000000,ROUNDDOWN(1000000*10.21%,0)+(I20-1000000)*20.42%,ROUNDDOWN(I20*10.21%,0))) -> 0 | K20: =IF(I20="","",I20-J20) -> 0 | L20: 0 | M20: =IF(E20="","",SUM(K20:L20)) -> 0 | N20: ゆうちょ銀行 四一八 | O20: 0435327 | P20: ﾌｼﾞﾓﾄｿﾉｴ | Q20: 〒 | R20: 544-0003 | S20: 大阪市生野区小路東4-13-23 201 | T20: 090-8664-2439
B21: THP Dancers | D21: 市川陽菜 | E21: 玉木遥菜 | F21: =IF(E21="","", SUMIF('1.入力表'!$K$8:$K$1368,D21,'1.入力表'!$O$8:$O$1368)) -> 0 | G21: =IF(E21="","", SUMIF('2.入力表'!$K$8:$K$1650,D21,'2.入力表'!$N$8:$N$1650)) -> 0 | H21: =IF(E21="","", SUMIF('1.入力表'!$K$8:$K$1368,D21,'1.入力表'!$P$8:$P$1368)) -> 0 | I21: =IF(E21="","",SUM(F21:H21)) -> 0 | J21: =IF(E21="","",IF(I21>1000000,ROUNDDOWN(1000000*10.21%,0)+(I21-1000000)*20.42%,ROUNDDOWN(I21*10.21%,0))) -> 0 | K21: =IF(I21="","",I21-J21) -> 0 | L21: 0 | M21: =IF(E21="","",SUM(K21:L21)) -> 0 | N21: りそな銀行 明石支店 | O21: 0184823 | P21: ﾀﾏｷ ﾊﾙﾅ | Q21: 〒 | R21: 674-0053 | S21: 兵庫県明石市大久保町松陰70-18 | T21: 090-9868-9537
B22: THP Dancers | D22: 桜井美夜 | E22: 横木 美梨愛 | F22: =IF(E22="","", SUMIF('1.入力表'!$K$8:$K$1368,D22,'1.入力表'!$O$8:$O$1368)) -> 0 | G22: =IF(E22="","", SUMIF('2.入力表'!$K$8:$K$1650,D22,'2.入力表'!$N$8:$N$1650)) -> 0 | H22: =IF(E22="","", SUMIF('1.入力表'!$K$8:$K$1368,D22,'1.入力表'!$P$8:$P$1368)) -> 0 | I22: =IF(E22="","",SUM(F22:H22)) -> 0 | J22: =IF(E22="","",IF(I22>1000000,ROUNDDOWN(1000000*10.21%,0)+(I22-1000000)*20.42%,ROUNDDOWN(I22*10.21%,0))) -> 0 | K22: =IF(I22="","",I22-J22) -> 0 | L22: 0 | M22: =IF(E22="","",SUM(K22:L22)) -> 0 | N22: りそな銀行 初芝支店 | O22: 0208766 | P22: ﾖｺｷﾞﾐﾘｱ | Q22: 〒 | R22: 599-8123 | S22: 大阪府堺市東区北野田1-6セントラルタワー1702 | T22: 070-8902-5991
B23: THP Dancers | D23: 上野花音 | E23: 東條華乃音 | F23: =IF(E23="","", SUMIF('1.入力表'!$K$8:$K$1368,D23,'1.入力表'!$O$8:$O$1368)) -> 0 | G23: =IF(E23="","", SUMIF('2.入力表'!$K$8:$K$1650,D23,'2.入力表'!$N$8:$N$1650)) -> 0 | H23: =IF(E23="","", SUMIF('1.入力表'!$K$8:$K$1368,D23,'1.入力表'!$P$8:$P$1368)) -> 0 | I23: =IF(E23="","",SUM(F23:H23)) -> 0 | J23: =IF(E23="","",IF(I23>1000000,ROUNDDOWN(1000000*10.21%,0)+(I23-1000000)*20.42%,ROUNDDOWN(I23*10.21%,0))) -> 0 | K23: =IF(I23="","",I23-J23) -> 0 | L23: 0 | M23: =IF(E23="","",SUM(K23:L23)) -> 0 | N23: ゆうちょ銀行 四三八 | O23: 7727251 | P23: ﾄｳｼﾞｮｳ ｶﾉﾝ | Q23: 〒 | R23: 651-0094 | S23: 神戸市中央区琴ノ緒町３丁目2-8
B24: THP Dancers | D24: 藤瀬凪 | E24: 大浦美夢 | F24: =IF(E24="","", SUMIF('1.入力表'!$K$8:$K$1368,D24,'1.入力表'!$O$8:$O$1368)) -> 0 | G24: =IF(E24="","", SUMIF('2.入力表'!$K$8:$K$1650,D24,'2.入力表'!$N$8:$N$1650)) -> 0 | H24: =IF(E24="","", SUMIF('1.入力表'!$K$8:$K$1368,D24,'1.入力表'!$P$8:$P$1368)) -> 0 | I24: =IF(E24="","",SUM(F24:H24)) -> 0 | J24: =IF(E24="","",IF(I24>1000000,ROUNDDOWN(1000000*10.21%,0)+(I24-1000000)*20.42%,ROUNDDOWN(I24*10.21%,0))) -> 0 | K24: =IF(I24="","",I24-J24) -> 0 | L24: 0 | M24: =IF(E24="","",SUM(K24:L24)) -> 0 | N24: りそな銀行 西神戸店 | O24: 0237413 | P24: ｵｵｳﾗ ﾐﾕ | Q24: 〒 | R24: 652-0834 | S24: 兵庫県神戸市兵庫区本町1丁目4番13-201 | T24: 090-7102-3266
B25: THP Dancers | C25: - | D25: 津灘美希 | E25: 景山美希 | F25: =IF(E25="","", SUMIF('1.入力表'!$K$8:$K$1368,D25,'1.入力表'!$O$8:$O$1368)) -> 0 | G25: =IF(E25="","", SUMIF('2.入力表'!$K$8:$K$1650,D25,'2.入力表'!$N$8:$N$1650)) -> 0 | H25: =IF(E25="","", SUMIF('1.入力表'!$K$8:$K$1368,D25,'1.入力表'!$P$8:$P$1368)) -> 0 | I25: =IF(E25="","",SUM(F25:H25)) -> 0 | J25: =IF(E25="","",IF(I25>1000000,ROUNDDOWN(1000000*10.21%,0)+(I25-1000000)*20.42%,ROUNDDOWN(I25*10.21%,0))) -> 0 | K25: =IF(I25="","",I25-J25) -> 0 | L25: 0 | M25: =IF(E25="","",SUM(K25:L25)) -> 0 | N25: みずほ銀行 難波支店 | O25: 3098857 | P25: ｶｹﾞﾔﾏ ﾐｷ | Q25: 〒 | R25: 556-0029 | S25: 大阪市浪速区芦原1丁目2-10 エグゼ難波西3 803 | T25: 080-4349-4232
B26: THP Dancers | D26: みゆ | E26: 南美柚 | F26: =IF(E26="","", SUMIF('1.入力表'!$K$8:$K$1368,D26,'1.入力表'!$O$8:$O$1368)) -> 0 | G26: =IF(E26="","", SUMIF('2.入力表'!$K$8:$K$1650,D26,'2.入力表'!$N$8:$N$1650)) -> 0 | H26: =IF(E26="","", SUMIF('1.入力表'!$K$8:$K$1368,D26,'1.入力表'!$P$8:$P$1368)) -> 0 | I26: =IF(E26="","",SUM(F26:H26)) -> 0 | J26: =IF(E26="","",IF(I26>1000000,ROUNDDOWN(1000000*10.21%,0)+(I26-1000000)*20.42%,ROUNDDOWN(I26*10.21%,0))) -> 0 | K26: =IF(I26="","",I26-J26) -> 0 | L26: 0 | M26: =IF(E26="","",SUM(K26:L26)) -> 0 | N26: 三菱UFJ銀行 武豊支店 | O26: 0212404 | P26: ﾐﾅﾐﾐﾕ | Q26: 〒 | R26: 544-0011 | S26: 大阪府大阪市生野区田島5丁目21-3-301
B27: BAMBI MONSTERS | C27: 948 | D27: 日野原小春 | E27: 谷小春 | F27: =IF(E27="","", SUMIF('1.入力表'!$K$8:$K$1368,D27,'1.入力表'!$O$8:$O$1368)) -> 0 | G27: =IF(E27="","", SUMIF('2.入力表'!$K$8:$K$1650,D27,'2.入力表'!$N$8:$N$1650)) -> 0 | H27: =IF(E27="","", SUMIF('1.入力表'!$K$8:$K$1368,D27,'1.入力表'!$P$8:$P$1368)) -> 0 | I27: =IF(E27="","",SUM(F27:H27)) -> 0 | J27: =IF(E27="","",IF(I27>1000000,ROUNDDOWN(1000000*10.21%,0)+(I27-1000000)*20.42%,ROUNDDOWN(I27*10.21%,0))) -> 0 | K27: =IF(I27="","",I27-J27) -> 0 | L27: 0 | M27: =IF(E27="","",SUM(K27:L27)) -> 0 | N27: 三菱UFJ銀行十三支店 | O27: 0254949 | P27: ﾀﾆ ｺﾊﾙ | Q27: 〒 | R27: 556-0024 | S27: 大阪府大阪市浪速区塩草3丁目3-19クリスタルグランツ難波WEST203号室 | T27: 090-1005-1999
B28: BAMBI MONSTERS | D28: 須賀あいみ | E28: 田中愛美 | F28: =IF(E28="","", SUMIF('1.入力表'!$K$8:$K$1368,D28,'1.入力表'!$O$8:$O$1368)) -> 0 | G28: =IF(E28="","", SUMIF('2.入力表'!$K$8:$K$1650,D28,'2.入力表'!$N$8:$N$1650)) -> 0 | H28: =IF(E28="","", SUMIF('1.入力表'!$K$8:$K$1368,D28,'1.入力表'!$P$8:$P$1368)) -> 0 | I28: =IF(E28="","",SUM(F28:H28)) -> 0 | J28: =IF(E28="","",IF(I28>1000000,ROUNDDOWN(1000000*10.21%,0)+(I28-1000000)*20.42%,ROUNDDOWN(I28*10.21%,0))) -> 0 | K28: =IF(I28="","",I28-J28) -> 0 | L28: 0 | M28: =IF(E28="","",SUM(K28:L28)) -> 0 | N28: みなと銀行 新多聞支店 | O28: 1862231 | P28: ﾀﾅｶ ｱｲﾐ | Q28: 〒 | R28: 655-0006 | S28: 神戸市垂水区本多聞2丁目28-4-1 | T28: 070-5650-3894
B29: BAMBI MONSTERS | D29: 黒美しの | E29: 畑珠璃 | F29: =IF(E29="","", SUMIF('1.入力表'!$K$8:$K$1368,D29,'1.入力表'!$O$8:$O$1368)) -> 0 | G29: =IF(E29="","", SUMIF('2.入力表'!$K$8:$K$1650,D29,'2.入力表'!$N$8:$N$1650)) -> 0 | H29: =IF(E29="","", SUMIF('1.入力表'!$K$8:$K$1368,D29,'1.入力表'!$P$8:$P$1368)) -> 0 | I29: =IF(E29="","",SUM(F29:H29)) -> 0 | J29: =IF(E29="","",IF(I29>1000000,ROUNDDOWN(1000000*10.21%,0)+(I29-1000000)*20.42%,ROUNDDOWN(I29*10.21%,0))) -> 0 | K29: =IF(I29="","",I29-J29) -> 0 | L29: 0 | M29: =IF(E29="","",SUM(K29:L29)) -> 0 | N29: ゆうちょ銀行 四〇八 | O29: 2248706 | P29: ﾊﾀ ｼｭﾘ | Q29: 〒 | R29: 545-0051 | S29: 大阪府大阪市阿倍野区旭町2丁目1番1-303 | T29: 090-7494-6371
B30: KITSUNE | D30: アイ | E30: 丸山愛生 | F30: =IF(E30="","", SUMIF('1.入力表'!$K$8:$K$1368,D30,'1.入力表'!$O$8:$O$1368)) -> 0 | G30: =IF(E30="","", SUMIF('2.入力表'!$K$8:$K$1650,D30,'2.入力表'!$N$8:$N$1650)) -> 0 | H30: =IF(E30="","", SUMIF('1.入力表'!$K$8:$K$1368,D30,'1.入力表'!$P$8:$P$1368)) -> 0 | I30: =IF(E30="","",SUM(F30:H30)) -> 0 | J30: =IF(E30="","",IF(I30>1000000,ROUNDDOWN(1000000*10.21%,0)+(I30-1000000)*20.42%,ROUNDDOWN(I30*10.21%,0))) -> 0 | K30: =IF(I30="","",I30-J30) -> 0 | L30: 0 | M30: =IF(E30="","",SUM(K30:L30)) -> 0 | N30: 三菱UFJ銀行 梅田支店 | O30: 0411413 | P30: ﾏﾙﾔﾏ ｱｲ | Q30: 〒 | R30: 556-0016 | S30: 大阪市浪速区大国町3丁目13-2 ララプレイス難波ガルデン1001号室 | T30: 080-2475-5758
B31: KITSUNE | D31: マリカ | E31: 常盤茉里香 | F31: =IF(E31="","", SUMIF('1.入力表'!$K$8:$K$1368,D31,'1.入力表'!$O$8:$O$1368)) -> 0 | G31: =IF(E31="","", SUMIF('2.入力表'!$K$8:$K$1650,D31,'2.入力表'!$N$8:$N$1650)) -> 0 | H31: =IF(E31="","", SUMIF('1.入力表'!$K$8:$K$1368,D31,'1.入力表'!$P$8:$P$1368)) -> 0 | I31: =IF(E31="","",SUM(F31:H31)) -> 0 | J31: =IF(E31="","",IF(I31>1000000,ROUNDDOWN(1000000*10.21%,0)+(I31-1000000)*20.42%,ROUNDDOWN(I31*10.21%,0))) -> 0 | K31: =IF(I31="","",I31-J31) -> 0 | L31: 0 | M31: =IF(E31="","",SUM(K31:L31)) -> 0 | N31: りそな銀行 島本支店 | O31: 0105672 | P31: ﾄｷﾜ ﾏﾘｶ | Q31: 〒 | R31: 618-0015 | S31: 大阪府三島郡島本町青葉3丁目10-15 | T31: 080-4652-1891
B32: ONF | D32: TIKE | E32: 吉川泰希 | F32: =IF(E32="","", SUMIF('1.入力表'!$K$8:$K$1368,D32,'1.入力表'!$O$8:$O$1368)) -> 0 | G32: =IF(E32="","", SUMIF('2.入力表'!$K$8:$K$1650,D32,'2.入力表'!$N$8:$N$1650)) -> 0 | H32: =IF(E32="","", SUMIF('1.入力表'!$K$8:$K$1368,D32,'1.入力表'!$P$8:$P$1368)) -> 0 | I32: =IF(E32="","",SUM(F32:H32)) -> 0 | J32: =IF(E32="","",IF(I32>1000000,ROUNDDOWN(1000000*10.21%,0)+(I32-1000000)*20.42%,ROUNDDOWN(I32*10.21%,0))) -> 0 | K32: =IF(I32="","",I32-J32) -> 0 | L32: 0 | M32: =IF(E32="","",SUM(K32:L32)) -> 0 | N32: ゆうちょ銀行 〇二八 | O32: 8642441 | P32: ﾖｼｶﾜ ﾀｲｷ | Q32: 〒 | R32: 557-0034 | S32: 大阪府大阪市西成区松2-1-32 FDSフィエルテ 108号室 | T32: 090-9707-9038
B33: ONF | D33: KAITO | E33: 藤田海斗 | F33: =IF(E33="","", SUMIF('1.入力表'!$K$8:$K$1368,D33,'1.入力表'!$O$8:$O$1368)) -> 0 | G33: =IF(E33="","", SUMIF('2.入力表'!$K$8:$K$1650,D33,'2.入力表'!$N$8:$N$1650)) -> 0 | H33: =IF(E33="","", SUMIF('1.入力表'!$K$8:$K$1368,D33,'1.入力表'!$P$8:$P$1368)) -> 0 | I33: =IF(E33="","",SUM(F33:H33)) -> 0 | J33: =IF(E33="","",IF(I33>1000000,ROUNDDOWN(1000000*10.21%,0)+(I33-1000000)*20.42%,ROUNDDOWN(I33*10.21%,0))) -> 0 | K33: =IF(I33="","",I33-J33) -> 0 | L33: 0 | M33: =IF(E33="","",SUM(K33:L33)) -> 0 | N33: ゆうちょ銀行 四〇八 | O33: 5783239 | P33: ﾌｼﾞﾀ ｶｲﾄ | Q33: 〒 | R33: 554-0002 | S33: 大阪市此花区伝法6-1-46 103号室 | T33: 090-2857-8225
B34: FREE | D34: MIHO | E34: 田中美穂 | F34: =IF(E34="","", SUMIF('1.入力表'!$K$8:$K$1368,D34,'1.入力表'!$O$8:$O$1368)) -> 0 | G34: =IF(E34="","", SUMIF('2.入力表'!$K$8:$K$1650,D34,'2.入力表'!$N$8:$N$1650)) -> 0 | H34: =IF(E34="","", SUMIF('1.入力表'!$K$8:$K$1368,D34,'1.入力表'!$P$8:$P$1368)) -> 0 | I34: =IF(E34="","",SUM(F34:H34)) -> 0 | J34: =IF(E34="","",IF(I34>1000000,ROUNDDOWN(1000000*10.21%,0)+(I34-1000000)*20.42%,ROUNDDOWN(I34*10.21%,0))) -> 0 | K34: =IF(I34="","",I34-J34) -> 0 | L34: 0 | M34: =IF(E34="","",SUM(K34:L34)) -> 0 | N34: 三井住友銀行 武庫之荘支店 | O34: 4018445 | P34: ﾀﾅｶ ﾐﾎ | Q34: 〒 | R34: 661-0043 | S34: 兵庫県尼崎市武庫元町2-2-13ルネス栄401号室 | T34: 090-2617-8107
D35: 神咲みのり | E35: 秋久みのり | F35: =IF(E35="","", SUMIF('1.入力表'!$K$8:$K$1368,D35,'1.入力表'!$O$8:$O$1368)) -> 0 | G35: =IF(E35="","", SUMIF('2.入力表'!$K$17:$K$1650,D35,'2.入力表'!$N$17:$N$1650)) -> 0 | H35: =IF(E35="","", SUMIF('1.入力表'!$K$8:$K$1368,D35,'1.入力表'!$P$8:$P$1368)) -> 0 | I35: =IF(E35="","",SUM(F35:H35)) -> 0 | J35: =IF(E35="","",IF(I35>1000000,ROUNDDOWN(1000000*10.21%,0)+(I35-1000000)*20.42%,ROUNDDOWN(I35*10.21%,0))) -> 0 | K35: =IF(I35="","",I35-J35) -> 0 | L35: 0 | M35: =IF(E35="","",SUM(K35:L35)) -> 0 | N35: りそな銀行 深井支店 | O35: 448361 | P35: ｱｷﾋｻﾐﾉﾘ | Q35: 〒 | R35: 540-0012 | S35: 大阪市中央区谷町5丁目1-6 エスレジデンス谷町5丁目205
B36: GIRAFFE | D36: RINA | E36: 川畑里奈 | F36: =IF(E36="","", SUMIF('1.入力表'!$K$8:$K$1368,D36,'1.入力表'!$O$8:$O$1368)) -> 0 | G36: =IF(E36="","", SUMIF('2.入力表'!$K$8:$K$1650,D36,'2.入力表'!$N$8:$N$1650)) -> 0 | H36: =IF(E36="","", SUMIF('1.入力表'!$K$8:$K$1368,D36,'1.入力表'!$P$8:$P$1368)) -> 0 | I36: =IF(E36="","",SUM(F36:H36)) -> 0 | J36: =IF(E36="","",IF(I36>1000000,ROUNDDOWN(1000000*10.21%,0)+(I36-1000000)*20.42%,ROUNDDOWN(I36*10.21%,0))) -> 0 | K36: =IF(I36="","",I36-J36) -> 0 | L36: 0 | M36: =IF(E36="","",SUM(K36:L36)) -> 0 | N36: りそな銀行 羽曳野支店 | O36: 0404122 | P36: ｶﾜﾊﾞﾀ ﾘﾅ | Q36: 〒 | R36: 550-0005 | S36: 大阪市西区西本町3-1-19 クロスレジデンス阿波座 1307 | T36: 080-4028-8724
B37: GIRAFFE | D37: CHIKAKO | E37: 竹島誓子 | F37: =IF(E37="","", SUMIF('1.入力表'!$K$8:$K$1368,D37,'1.入力表'!$O$8:$O$1368)) -> 0 | G37: =IF(E37="","", SUMIF('2.入力表'!$K$8:$K$1650,D37,'2.入力表'!$N$8:$N$1650)) -> 0 | H37: =IF(E37="","", SUMIF('1.入力表'!$K$8:$K$1368,D37,'1.入力表'!$P$8:$P$1368)) -> 0 | I37: =IF(E37="","",SUM(F37:H37)) -> 0 | J37: =IF(E37="","",IF(I37>1000000,ROUNDDOWN(1000000*10.21%,0)+(I37-1000000)*20.42%,ROUNDDOWN(I37*10.21%,0))) -> 0 | K37: =IF(I37="","",I37-J37) -> 0 | L37: 0 | M37: =IF(E37="","",SUM(K37:L37)) -> 0 | N37: みずほ銀行 池袋支店 | O37: 2259715 | P37: ﾀｹｼﾏﾁｶｺ | Q37: 〒 | R37: 556-0015 | S37: 大阪府大阪市浪速区敷津西2-3-15 ララプレイス難波シエール304号 | T37: 080-4482-2375
B38: GIRAFFE | D38: MAO | E38: 中山麻緒 | F38: =IF(E38="","", SUMIF('1.入力表'!$K$8:$K$1368,D38,'1.入力表'!$O$8:$O$1368)) -> 0 | G38: =IF(E38="","", SUMIF('2.入力表'!$K$8:$K$1650,D38,'2.入力表'!$N$8:$N$1650)) -> 0 | H38: =IF(E38="","", SUMIF('1.入力表'!$K$8:$K$1368,D38,'1.入力表'!$P$8:$P$1368)) -> 0 | I38: =IF(E38="","",SUM(F38:H38)) -> 0 | J38: =IF(E38="","",IF(I38>1000000,ROUNDDOWN(1000000*10.21%,0)+(I38-1000000)*20.42%,ROUNDDOWN(I38*10.21%,0))) -> 0 | K38: =IF(I38="","",I38-J38) -> 0 | L38: 0 | M38: =IF(E38="","",SUM(K38:L38)) -> 0 | N38: りそな銀行 市ヶ谷支店 | O38: 1813290 | P38: ﾅｶﾔﾏﾏｵ | Q38: 〒 | R38: 557-0054 | S38: 大阪府大阪市西成区千本中1-17-27 | T38: 080-6209-1446
B39: GIRAFFE | D39: hinaco | E39: 門田陽奈子 | F39: =IF(E39="","", SUMIF('1.入力表'!$K$8:$K$1368,D39,'1.入力表'!$O$8:$O$1368)) -> 0 | G39: =IF(E39="","", SUMIF('2.入力表'!$K$8:$K$1650,D39,'2.入力表'!$N$8:$N$1650)) -> 0 | H39: =IF(E39="","", SUMIF('1.入力表'!$K$8:$K$1368,D39,'1.入力表'!$P$8:$P$1368)) -> 0 | I39: =IF(E39="","",SUM(F39:H39)) -> 0 | J39: =IF(E39="","",IF(I39>1000000,ROUNDDOWN(1000000*10.21%,0)+(I39-1000000)*20.42%,ROUNDDOWN(I39*10.21%,0))) -> 0 | K39: =IF(I39="","",I39-J39) -> 0 | L39: 0 | M39: =IF(E39="","",SUM(K39:L39)) -> 0 | N39: 三井住友銀行 オリーブASH支店 | O39: 1702710 | P39: ﾓﾝﾃﾞﾝﾋﾅｺ | Q39: 〒 | R39: 543-0027 | S39: 大阪府大阪市天王寺区筆ケ崎町3-17 | T39: 080-2940-8709
B40: GIRAFFE | D40: 4NIKA | E40: 井野純花 | F40: =IF(E40="","", SUMIF('1.入力表'!$K$8:$K$1368,D40,'1.入力表'!$O$8:$O$1368)) -> 0 | G40: =IF(E40="","", SUMIF('2.入力表'!$K$8:$K$1650,D40,'2.入力表'!$N$8:$N$1650)) -> 0 | H40: =IF(E40="","", SUMIF('1.入力表'!$K$8:$K$1368,D40,'1.入力表'!$P$8:$P$1368)) -> 0 | I40: =IF(E40="","",SUM(F40:H40)) -> 0 | J40: =IF(E40="","",IF(I40>1000000,ROUNDDOWN(1000000*10.21%,0)+(I40-1000000)*20.42%,ROUNDDOWN(I40*10.21%,0))) -> 0 | K40: =IF(I40="","",I40-J40) -> 0 | L40: 0 | M40: =IF(E40="","",SUM(K40:L40)) -> 0 | N40: 楽天銀行 モダン支店 | O40: 1551860 | P40: ｲﾉｱﾔｶ | Q40: 〒 | R40: 559-0025 | S40: 大阪市住之江区平林南2-1-14-1505 | T40: 090-9875-1264
B41: GIRAFFE | D41: AYAKO | E41: 村田彩子 | F41: =IF(E41="","", SUMIF('1.入力表'!$K$8:$K$1368,D41,'1.入力表'!$O$8:$O$1368)) -> 0 | G41: =IF(E41="","", SUMIF('2.入力表'!$K$8:$K$1650,D41,'2.入力表'!$N$8:$N$1650)) -> 0 | H41: =IF(E41="","", SUMIF('1.入力表'!$K$8:$K$1368,D41,'1.入力表'!$P$8:$P$1368)) -> 0 | I41: =IF(E41="","",SUM(F41:H41)) -> 0 | J41: =IF(E41="","",IF(I41>1000000,ROUNDDOWN(1000000*10.21%,0)+(I41-1000000)*20.42%,ROUNDDOWN(I41*10.21%,0))) -> 0 | K41: =IF(I41="","",I41-J41) -> 0 | L41: 0 | M41: =IF(E41="","",SUM(K41:L41)) -> 0 | N41: りそな銀行 泉北支店 | O41: 0254622 | P41: ﾑﾗﾀｱﾔｺ | Q41: 〒 | R41: 590-0115 | S41: 大阪府堺市南区茶山台2-2-1-305 | T41: 090-5664-0289
B42: GIRAFFE | D42: カンナ | E42: 國分侃奈 | F42: =IF(E42="","", SUMIF('1.入力表'!$K$8:$K$1368,D42,'1.入力表'!$O$8:$O$1368)) -> 0 | G42: =IF(E42="","", SUMIF('2.入力表'!$K$8:$K$1650,D42,'2.入力表'!$N$8:$N$1650)) -> 0 | H42: =IF(E42="","", SUMIF('1.入力表'!$K$8:$K$1368,D42,'1.入力表'!$P$8:$P$1368)) -> 0 | I42: =IF(E42="","",SUM(F42:H42)) -> 0 | J42: =IF(E42="","",IF(I42>1000000,ROUNDDOWN(1000000*10.21%,0)+(I42-1000000)*20.42%,ROUNDDOWN(I42*10.21%,0))) -> 0 | K42: =IF(I42="","",I42-J42) -> 0 | L42: 0 | M42: =IF(E42="","",SUM(K42:L42)) -> 0 | N42: ゆうちょ銀行 七三八 | O42: 1148235 | P42: ｺｸﾌﾞ ｶﾝﾅ | Q42: 〒 | R42: 554-0014 | S42: 大阪府大阪市此花区四貫島1丁目5-23-703号 | T42: 080-5204-9006
B43: PCDL | D43: プロイ | E43: SAWAI KAMONCHANOK | F43: =IF(E43="","", SUMIF('1.入力表'!$K$8:$K$1368,D43,'1.入力表'!$O$8:$O$1368)) -> 0 | G43: =IF(E43="","", SUMIF('2.入力表'!$K$8:$K$1650,D43,'2.入力表'!$N$8:$N$1650)) -> 0 | H43: =IF(E43="","", SUMIF('1.入力表'!$K$8:$K$1368,D43,'1.入力表'!$P$8:$P$1368)) -> 0 | I43: =IF(E43="","",SUM(F43:H43)) -> 0 | J43: =IF(E43="","",IF(I43>1000000,ROUNDDOWN(1000000*10.21%,0)+(I43-1000000)*20.42%,ROUNDDOWN(I43*10.21%,0))) -> 0 | K43: =IF(I43="","",I43-J43) -> 0 | L43: 0 | M43: =IF(E43="","",SUM(K43:L43)) -> 0 | N43: ゆうちょ銀行 四〇八支店 | O43: 5819247 | P43: ｻﾜｲｶﾓﾝﾁﾔﾉｸ | Q43: 〒 | R43: 545-0053 | S43: 大阪市阿倍野区松崎町4-4-14 | T43: 080-7524-4242
F44: =SUM(F6:F42) -> 0 | G44: =SUM(G6:G42) -> 0 | H44: =SUM(H6:H42) -> 0 | I44: =SUM(I6:I42) -> 0 | J44: =SUM(J6:J42) -> 0 | K44: =SUM(K6:K42) -> 0 | L44: =SUM(L6:L42) -> 0 | M44: =SUM(M6:M42) -> 0
E46: =COUNTIF(M6:M45,"<>*") -> 40
A49: 【当月勤務無し】
C51: ｺｰﾄﾞ | D51: 芸名 | E51: 氏名 | F51: 案件報酬 出演費 | G51: 案件報酬 インセンティブ | H51: 交通費 | I51: 課税支払 | J51: 所得税 （課税支払 ×10.21%） | K51: 差引支払額 | L51: 立替 | M51: 振込金額 | N51: 振込先口座 | O51: 口座番号 | P51: 口座名義
A52: 2023年5月退職 | B52: STELLA JAPAN | C52: 857 | D52: 華園マノン | E52: 中野 舞 | F52: =IF(E52="","", SUMIF('1.入力表'!$K$8:$K$1035,D52,'1.入力表'!$O$8:$O$1035)) -> 0 | G52: =IF(E52="","", SUMIF('2.入力表'!$K$47:$K$1650,D52,'2.入力表'!$N$47:$N$1650)) -> 0 | H52: =IF(E52="","", SUMIF('1.入力表'!$K$8:$K$1035,D52,'1.入力表'!$P$8:$P$1035)) -> 0 | I52: =IF(E52="","",SUM(F52:H52)) -> 0 | J52: =IF(I52="","",ROUNDDOWN(I52*10.21%,0)) -> 0 | K52: =IF(I52="","",I52-J52) -> 0 | L52: 0 | M52: =IF(E52="","",SUM(K52:L52)) -> 0 | N52: みずほ銀行 堺支店 | O52: 1400613 | P52: ﾋｸﾞﾁ ﾏｲ | Q52: 〒 | R52: 594-1104 | S52: 大阪府和泉市万町393-1 フジパレス和泉中央1番館208 | T52: 080-4499-3859
A53: 2023年5月退職 | B53: Amgel Dancers | C53: 1076 | D53: 水樹星奈 | E53: 古川 聖奈 | F53: =IF(E53="","", SUMIF('1.入力表'!$K$8:$K$1035,D53,'1.入力表'!$O$8:$O$1035)) -> 0 | G53: =IF(E53="","", SUMIF('2.入力表'!$K$47:$K$1650,D53,'2.入力表'!$N$47:$N$1650)) -> 0 | H53: =IF(E53="","", SUMIF('1.入力表'!$K$8:$K$1035,D53,'1.入力表'!$P$8:$P$1035)) -> 0 | I53: =IF(E53="","",SUM(F53:H53)) -> 0 | J53: =IF(I53="","",ROUNDDOWN(I53*10.21%,0)) -> 0 | K53: =IF(I53="","",I53-J53) -> 0 | L53: 0 | M53: =IF(E53="","",SUM(K53:L53)) -> 0 | N53: りそな銀行新大阪駅前支店 | O53: 0361682 | P53: ﾌﾙｶﾜ ｾｲﾅ | Q53: 〒 | R53: 213-0033 | S53: 神奈川県川崎市高津区下作延6-15-31 リバティ津田山104 | T53: 080-3845-5516
A54: 2023年5月退職 | B54: STELLA JAPAN | C54: - | D54: 水沢らら | E54: 禱 良夢 | F54: =IF(E54="","", SUMIF('1.入力表'!$K$8:$K$1035,D54,'1.入力表'!$O$8:$O$1035)) -> 0 | G54: =IF(E54="","", SUMIF('2.入力表'!$K$47:$K$1650,D54,'2.入力表'!$N$47:$N$1650)) -> 0 | H54: =IF(E54="","", SUMIF('1.入力表'!$K$8:$K$1035,D54,'1.入力表'!$P$8:$P$1035)) -> 0 | I54: =IF(E54="","",SUM(F54:H54)) -> 0 | J54: =IF(I54="","",ROUNDDOWN(I54*10.21%,0)) -> 0 | K54: =IF(I54="","",I54-J54) -> 0 | L54: 0 | M54: =IF(E54="","",SUM(K54:L54)) -> 0 | N54: 三菱UFJ銀行大阪駅前支店 | O54: 0262808 | P54: ｲﾉﾘ ﾗﾑ | Q54: 〒 | R54: 550-0013 | S54: 大阪市西区新町4-2-1-301 | T54: 090-5676-6613
A55: 2023年5月退職 | B55: Amgel Dancers | C55: 1098 | D55: 千咲なな | E55: 堀江 七海 | F55: =IF(E55="","", SUMIF('1.入力表'!$K$8:$K$1035,D55,'1.入力表'!$O$8:$O$1035)) -> 0 | G55: =IF(E55="","", SUMIF('2.入力表'!$K$47:$K$1650,D55,'2.入力表'!$N$47:$N$1650)) -> 0 | H55: =IF(E55="","", SUMIF('1.入力表'!$K$8:$K$1035,D55,'1.入力表'!$P$8:$P$1035)) -> 0 | I55: =IF(E55="","",SUM(F55:H55)) -> 0 | J55: =IF(I55="","",ROUNDDOWN(I55*10.21%,0)) -> 0 | K55: =IF(I55="","",I55-J55) -> 0 | L55: 0 | M55: =IF(E55="","",SUM(K55:L55)) -> 0 | N55: ゆうちょ銀行 四〇八 | O55: 7229733 | P55: ﾎﾘｴ ﾅﾅﾐ | Q55: 〒 | R55: 556-0021 | S55: 大阪市浪速区幸町3丁目7-15 エステムコート 704 | T55: 080-3845-5516
A56: 2023年5月退職 | B56: STELLA JAPAN | C56: 721 | D56: 美南舞香 | E56: 三譯 舞子 | F56: =IF(E56="","", SUMIF('1.入力表'!$K$11:$K$1045,"美南舞香",'1.入力表'!$O$11:$O$1045)) -> 0 | G56: =IF(E56="","", SUMIF('2.入力表'!$K$47:$K$1650,D56,'2.入力表'!$N$47:$N$1650)) -> 0 | H56: =IF(E56="","", SUMIF('1.入力表'!$K$11:$K$1045,"美南舞香",'1.入力表'!$P$11:$P$1045)) -> 0 | I56: =IF(E56="","",SUM(F56:H56)) -> 0 | J56: =IF(I56="","",ROUNDDOWN(I56*10.21%,0)) -> 0 | K56: =IF(I56="","",I56-J56) -> 0 | L56: 0 | M56: =IF(E56="","",SUM(K56:L56)) -> 0 | N56: みずほ銀行 四ツ橋支店 | O56: 3003183 | P56: ﾐﾜｹ ﾏｲｺ | Q56: 〒 | R56: 556-0004 | S56: 大阪市浪速区日本橋西2-5-5-701 | T56: 080 8311 3977
A57: 2023年5月退職 | B57: STELLA JAPAN | C57: 857 | D57: 華園マノン | E57: 中野 舞 | F57: =IF(E57="","", SUMIF('1.入力表'!$K$8:$K$1032,D57,'1.入力表'!$O$8:$O$1032)) -> 0 | G57: =IF(E57="","", SUMIF('2.入力表'!$K$47:$K$1650,D57,'2.入力表'!$N$47:$N$1650)) -> 0 | H57: =IF(E57="","", SUMIF('1.入力表'!$K$8:$K$1032,D57,'1.入力表'!$P$8:$P$1032)) -> 0 | I57: =IF(E57="","",SUM(F57:H57)) -> 0 | J57: =IF(I57="","",ROUNDDOWN(I57*10.21%,0)) -> 0 | K57: =IF(I57="","",I57-J57) -> 0 | L57: 0 | M57: =IF(E57="","",SUM(K57:L57)) -> 0 | N57: みずほ銀行 堺支店 | O57: 1400613 | P57: ﾋｸﾞﾁ ﾏｲ | Q57: 〒 | R57: 594-1104 | S57: 大阪府和泉市万町393-1 フジパレス和泉中央1番館208 | T57: 080-4499-3859
A58: 2023年5月退職 | B58: Amgel Dancers | C58: 1076 | D58: 水樹星奈 | E58: 古川 聖奈 | F58: =IF(E58="","", SUMIF('1.入力表'!$K$8:$K$1032,D58,'1.入力表'!$O$8:$O$1032)) -> 0 | G58: =IF(E58="","", SUMIF('2.入力表'!$K$47:$K$1650,D58,'2.入力表'!$N$47:$N$1650)) -> 0 | H58: =IF(E58="","", SUMIF('1.入力表'!$K$8:$K$1032,D58,'1.入力表'!$P$8:$P$1032)) -> 0 | I58: =IF(E58="","",SUM(F58:H58)) -> 0 | J58: =IF(I58="","",ROUNDDOWN(I58*10.21%,0)) -> 0 | K58: =IF(I58="","",I58-J58) -> 0 | L58: 0 | M58: =IF(E58="","",SUM(K58:L58)) -> 0 | N58: りそな銀行新大阪駅前支店 | O58: 0361682 | P58: ﾌﾙｶﾜ ｾｲﾅ | Q58: 〒 | R58: 213-0033 | S58: 神奈川県川崎市高津区下作延6-15-31 リバティ津田山104 | T58: 080-3845-5516
A59: 2023年5月退職 | B59: STELLA JAPAN | C59: - | D59: 水沢らら | E59: 禱 良夢 | F59: =IF(E59="","", SUMIF('1.入力表'!$K$8:$K$1032,D59,'1.入力表'!$O$8:$O$1032)) -> 0 | G59: =IF(E59="","", SUMIF('2.入力表'!$K$47:$K$1650,D59,'2.入力表'!$N$47:$N$1650)) -> 0 | H59: =IF(E59="","", SUMIF('1.入力表'!$K$8:$K$1032,D59,'1.入力表'!$P$8:$P$1032)) -> 0 | I59: =IF(E59="","",SUM(F59:H59)) -> 0 | J59: =IF(I59="","",ROUNDDOWN(I59*10.21%,0)) -> 0 | K59: =IF(I59="","",I59-J59) -> 0 | L59: 0 | M59: =IF(E59="","",SUM(K59:L59)) -> 0 | N59: 三菱UFJ銀行大阪駅前支店 | O59: 0262808 | P59: ｲﾉﾘ ﾗﾑ | Q59: 〒 | R59: 550-0013 | S59: 大阪市西区新町4-2-1-301 | T59: 090-5676-6613
A60: 2023年5月退職 | B60: Amgel Dancers | C60: 1098 | D60: 千咲なな | E60: 堀江 七海 | F60: =IF(E60="","", SUMIF('1.入力表'!$K$8:$K$1032,D60,'1.入力表'!$O$8:$O$1032)) -> 0 | G60: =IF(E60="","", SUMIF('2.入力表'!$K$47:$K$1650,D60,'2.入力表'!$N$47:$N$1650)) -> 0 | H60: =IF(E60="","", SUMIF('1.入力表'!$K$8:$K$1032,D60,'1.入力表'!$P$8:$P$1032)) -> 0 | I60: =IF(E60="","",SUM(F60:H60)) -> 0 | J60: =IF(I60="","",ROUNDDOWN(I60*10.21%,0)) -> 0 | K60: =IF(I60="","",I60-J60) -> 0 | L60: 0 | M60: =IF(E60="","",SUM(K60:L60)) -> 0 | N60: ゆうちょ銀行 四〇八 | O60: 7229733 | P60: ﾎﾘｴ ﾅﾅﾐ | Q60: 〒 | R60: 556-0021 | S60: 大阪市浪速区幸町3丁目7-15 エステムコート 704 | T60: 080-3845-5516
D61: なお | E61: 渡部 奈於子 | F61: =IF(E61="","", SUMIF('1.入力表'!$K$8:$K$1032,D61,'1.入力表'!$O$8:$O$1032)) -> 0 | G61: =IF(E61="","", SUMIF('2.入力表'!$K$47:$K$1650,D61,'2.入力表'!$N$47:$N$1650)) -> 0 | H61: =IF(E61="","", SUMIF('1.入力表'!$K$8:$K$1032,D61,'1.入力表'!$P$8:$P$1032)) -> 0 | I61: =IF(E61="","",SUM(F61:H61)) -> 0 | J61: =IF(I61="","",ROUNDDOWN(I61*10.21%,0)) -> 0 | K61: =IF(I61="","",I61-J61) -> 0 | L61: 0 | M61: =IF(E61="","",SUM(K61:L61)) -> 0 | N61: りそな銀行 梅田北口支店 | O61: 1833766 | P61: ﾜﾀﾅﾍﾞ ﾅｵｺ | Q61: 〒 | R61: 543-0044 | S61: 大阪市天王寺区国分町2-8-102 | T61: 090-6888-5483
D62: ローサ | E62: 藤本 えりな | F62: =IF(E62="","", SUMIF('1.入力表'!$K$8:$K$1032,D62,'1.入力表'!$O$8:$O$1032)) -> 0 | G62: =IF(E62="","", SUMIF('2.入力表'!$K$47:$K$1650,D62,'2.入力表'!$N$47:$N$1650)) -> 0 | H62: =IF(E62="","", SUMIF('1.入力表'!$K$8:$K$1032,D62,'1.入力表'!$P$8:$P$1032)) -> 0 | I62: =IF(E62="","",SUM(F62:H62)) -> 0 | J62: =IF(I62="","",ROUNDDOWN(I62*10.21%,0)) -> 0 | K62: =IF(I62="","",I62-J62) -> 0 | L62: 0 | M62: =IF(E62="","",SUM(K62:L62)) -> 0 | N62: 三井住友銀行 なんば支店 | O62: 8316168 | P62: ﾌｼﾞﾓﾄ ｴﾘﾅ | Q62: 〒 | R62: 556-0005 | S62: 大阪市浪速区日本橋5-8-3 レオンコンフォート501 | T62: 090-9622-3298
C63: - | D63: 杉野なづな | E63: 井上 奈都菜 | F63: =IF(E63="","", SUMIF('1.入力表'!$K$11:$K$1045,"杉野なづな",'1.入力表'!$O$11:$O$1045)) -> 0 | G63: =IF(E63="","", SUMIF('2.入力表'!$K$47:$K$1650,D63,'2.入力表'!$N$47:$N$1650)) -> 0 | H63: =IF(E63="","", SUMIF('1.入力表'!$K$11:$K$1045,"杉野なづな",'1.入力表'!$P$11:$P$1045)) -> 0 | I63: =IF(E63="","",SUM(F63:H63)) -> 0 | J63: =IF(I63="","",ROUNDDOWN(I63*10.21%,0)) -> 0 | K63: =IF(I63="","",I63-J63) -> 0 | L63: 0 | M63: =IF(E63="","",SUM(K63:L63)) -> 0 | N63: りそな銀行 西やまと支店 | O63: 0167628 | P63: ｲﾉｳｴ ﾅﾂﾞﾅ | Q63: 〒 | R63: 639-0261 | S63: 奈良県香芝市尼寺2-288-11 | T63: 080-9753-3305
D64: 櫻野夏恋 | E64: 畑山 音寧 | F64: =IF(E64="","", SUMIF('1.入力表'!$K$8:$K$1032,D64,'1.入力表'!$O$8:$O$1032)) -> 0 | G64: =IF(E64="","", SUMIF('2.入力表'!$K$47:$K$1650,D64,'2.入力表'!$N$47:$N$1650)) -> 0 | H64: =IF(E64="","", SUMIF('1.入力表'!$K$8:$K$1032,D64,'1.入力表'!$P$8:$P$1032)) -> 0 | I64: =IF(E64="","",SUM(F64:H64)) -> 0 | J64: =IF(I64="","",ROUNDDOWN(I64*10.21%,0)) -> 0 | K64: =IF(I64="","",I64-J64) -> 0 | L64: 0 | M64: =IF(E64="","",SUM(K64:L64)) -> 0 | N64: ゆうちょ銀行 八四八 | O64: 2673662 | P64: ﾊﾀｹﾔﾏ ﾈﾈ | Q64: 〒 | R64: 530-0042 | S64: 大阪市北区天満橋3-5-32 エスレジデンス天満グレイシス204 | T64: 080-6162-1558
B65: HONEY TRAP | D65: 恋 | E65: 神崎 恋 | F65: =IF(E65="","", SUMIF('1.入力表'!$K$11:$K$1045,"恋",'1.入力表'!$O$11:$O$1045)) -> 0 | G65: =IF(E65="","", SUMIF('2.入力表'!$K$47:$K$1650,D65,'2.入力表'!$N$47:$N$1650)) -> 0 | H65: =IF(E65="","", SUMIF('1.入力表'!$K$11:$K$1045,"恋",'1.入力表'!$P$11:$P$1045)) -> 0 | I65: =IF(E65="","",SUM(F65:H65)) -> 0 | J65: =IF(I65="","",ROUNDDOWN(I65*10.21%,0)) -> 0 | K65: =IF(I65="","",I65-J65) -> 0 | L65: 0 | M65: =IF(E65="","",SUM(K65:L65)) -> 0 | N65: 三菱UFJ銀行 堂島支店 | O65: 0241996 | P65: ｶﾝｻﾞｷ ﾚﾝ | Q65: 〒 | R65: 674-0074 | S65: 兵庫県明石市魚住町長坂寺393-12 | T65: 080-8327-0628
B66: BAMBI MONSTERS | D66: 茅野サラ | E66: 向坂 パスクアル サマンタ アカリ | F66: =IF(E66="","", SUMIF('1.入力表'!$K$8:$K$1032,D66,'1.入力表'!$O$8:$O$1032)) -> 0 | G66: =IF(E66="","", SUMIF('2.入力表'!$K$47:$K$1650,D66,'2.入力表'!$N$47:$N$1650)) -> 0 | H66: =IF(E66="","", SUMIF('1.入力表'!$K$8:$K$1032,D66,'1.入力表'!$P$8:$P$1032)) -> 0 | I66: =IF(E66="","",SUM(F66:H66)) -> 0 | J66: =IF(I66="","",ROUNDDOWN(I66*10.21%,0)) -> 0 | K66: =IF(I66="","",I66-J66) -> 0 | L66: 0 | M66: =IF(E66="","",SUM(K66:L66)) -> 0 | N66: 三井住友銀行 庄内支店 | O66: 1948974 | P66: ｻｷﾞｻｶ ﾊﾟｽｸｱﾙ ｻﾏﾝﾀ ｱｶﾘ | Q66: 〒 | R66: 532-0006 | S66: 大阪府大阪市淀川区西三国4丁目13-9サニーレジデンス西三国F105 | T66: 090-3606-8529
A67: 2024/1月末退職 | D67: 横山ゆい | E67: 横山 ゆい | F67: =IF(E67="","", SUMIF('1.入力表'!$K$8:$K$1032,D67,'1.入力表'!$O$8:$O$1032)) -> 0 | G67: =IF(E67="","", SUMIF('2.入力表'!$K$47:$K$1650,D67,'2.入力表'!$N$47:$N$1650)) -> 0 | H67: =IF(E67="","", SUMIF('1.入力表'!$K$8:$K$1032,D67,'1.入力表'!$P$8:$P$1032)) -> 0 | I67: =IF(E67="","",SUM(F67:H67)) -> 0 | J67: =IF(E67="","",IF(I67>1000000,ROUNDDOWN(1000000*10.21%,0)+(I67-1000000)*20.42%,ROUNDDOWN(I67*10.21%,0))) -> 0 | K67: =IF(I67="","",I67-J67) -> 0 | L67: 0 | M67: =IF(E67="","",SUM(K67:L67)) -> 0 | N67: 京都中央信用金庫 西五条支店 | O67: 0679814 | P67: ﾀｹﾀﾞﾕｲ | Q67: 〒 | R67: 615-0032 | S67: 京都府京都市右京区西院西高田町13-1メゾン・ド・パルファン201 | T67: 070-4346-2195
A68: 2024/3月末退職 | B68: STELLA JAPAN | C68: - | D68: 黒崎沙依 | E68: 平野 紗衣 | F68: =IF(E68="","", SUMIF('1.入力表'!$K$8:$K$1032,D68,'1.入力表'!$O$8:$O$1032)) -> 0 | G68: =IF(E68="","", SUMIF('2.入力表'!$K$47:$K$1650,D68,'2.入力表'!$N$47:$N$1650)) -> 0 | H68: =IF(E68="","", SUMIF('1.入力表'!$K$8:$K$1032,D68,'1.入力表'!$P$8:$P$1032)) -> 0 | I68: =IF(E68="","",SUM(F68:H68)) -> 0 | J68: =IF(E68="","",IF(I68>1000000,ROUNDDOWN(1000000*10.21%,0)+(I68-1000000)*20.42%,ROUNDDOWN(I68*10.21%,0))) -> 0 | K68: =IF(I68="","",I68-J68) -> 0 | L68: 0 | M68: =IF(E68="","",SUM(K68:L68)) -> 0 | N68: 三井住友銀行 甲南支店 | O68: 4654938 | P68: ﾋﾗﾉ ｻｴ | Q68: 〒 | R68: 658-0015 | S68: 神戸市東灘区本山南町5丁目3-1ラ・フルール本山1104号 | T68: 090-8530-0223
A69: 2024/3月末退職 | B69: BAMBI MONSTERS | D69: 松風琉衣 | E69: 信政 萌香 | F69: =IF(E69="","", SUMIF('1.入力表'!$K$8:$K$1032,D69,'1.入力表'!$O$8:$O$1032)) -> 0 | G69: =IF(E69="","", SUMIF('2.入力表'!$K$47:$K$1650,D69,'2.入力表'!$N$47:$N$1650)) -> 0 | H69: =IF(E69="","", SUMIF('1.入力表'!$K$8:$K$1032,D69,'1.入力表'!$P$8:$P$1032)) -> 0 | I69: =IF(E69="","",SUM(F69:H69)) -> 0 | J69: =IF(E69="","",IF(I69>1000000,ROUNDDOWN(1000000*10.21%,0)+(I69-1000000)*20.42%,ROUNDDOWN(I69*10.21%,0))) -> 0 | K69: =IF(I69="","",I69-J69) -> 0 | L69: 0 | M69: =IF(E69="","",SUM(K69:L69)) -> 0 | N69: りそな銀行 アルファ支店 | O69: 0520032 | P69: ﾉﾌﾞﾏｻ ﾓｴｶ | Q69: 〒 | R69: 653-0838 | S69: 兵庫県神戸市長田区大谷町1丁目4-3 クレセント西代203 | T69: 090-5272-4247
A70: 2024/3月末退職 | B70: BAMBI MONSTERS | D70: 如月星羅 | E70: 小西 優奈 | F70: =IF(E70="","", SUMIF('1.入力表'!$K$8:$K$1032,D70,'1.入力表'!$O$8:$O$1032)) -> 0 | G70: =IF(E70="","", SUMIF('2.入力表'!$K$47:$K$1650,D70,'2.入力表'!$N$47:$N$1650)) -> 0 | H70: =IF(E70="","", SUMIF('1.入力表'!$K$8:$K$1032,D70,'1.入力表'!$P$8:$P$1032)) -> 0 | I70: =IF(E70="","",SUM(F70:H70)) -> 0 | J70: =IF(E70="","",IF(I70>1000000,ROUNDDOWN(1000000*10.21%,0)+(I70-1000000)*20.42%,ROUNDDOWN(I70*10.21%,0))) -> 0 | K70: =IF(I70="","",I70-J70) -> 0 | L70: 0 | M70: =IF(E70="","",SUM(K70:L70)) -> 0 | N70: 大阪信用金庫 深井支店 | O70: 0336897 | P70: ｺﾆｼ ﾕｳﾅ | Q70: 〒 | S70: 大阪府堺市中区深井北町52-41 | T70: 080-7051-7430
C71: 876 | D71: 高瀬愛華 | E71: 長見 愛華 | F71: =IF(E71="","", SUMIF('1.入力表'!$K$8:$K$1368,D71,'1.入力表'!$O$8:$O$1368)) -> 0 | G71: =IF(E71="","", SUMIF('2.入力表'!$K$47:$K$1650,D71,'2.入力表'!$N$47:$N$1650)) -> 0 | H71: =IF(E71="","", SUMIF('1.入力表'!$K$8:$K$1368,D71,'1.入力表'!$P$8:$P$1368)) -> 0 | I71: =IF(E71="","",SUM(F71:H71)) -> 0 | J71: =IF(I71="","",ROUNDDOWN(I71*10.21%,0)) -> 0 | K71: =IF(I71="","",I71-J71) -> 0 | L71: 0 | M71: =IF(E71="","",SUM(K71:L71)) -> 0 | N71: みずほ銀行 奈良支店 | O71: 3000926 | P71: ﾅｶﾞﾐ ｱｲｶ | Q71: 〒 | R71: 630-8141 | S71: 奈良県奈良市南京終町7丁目535-2 | T71: 090-1249-2579
C72: - | D72: 赤嶺摩耶 | E72: 森田 麻弥 | F72: =IF(E72="","", SUMIF('1.入力表'!$K$8:$K$1368,D72,'1.入力表'!$O$8:$O$1368)) -> 0 | G72: =IF(E72="","", SUMIF('2.入力表'!$K$47:$K$1650,D72,'2.入力表'!$N$47:$N$1650)) -> 0 | H72: =IF(E72="","", SUMIF('1.入力表'!$K$8:$K$1368,D72,'1.入力表'!$P$8:$P$1368)) -> 0 | I72: =IF(E72="","",SUM(F72:H72)) -> 0 | J72: =IF(I72="","",ROUNDDOWN(I72*10.21%,0)) -> 0 | K72: =IF(I72="","",I72-J72) -> 0 | L72: 0 | M72: =IF(E72="","",SUM(K72:L72)) -> 0 | N72: ゆうちょ銀行 四〇八 | O72: 4133729 | P72: ﾓﾘﾀ ﾏﾔ | Q72: 〒 | R72: 583-0002 | S72: 大阪府藤井寺市北條町11-36 | T72: 080-1515-5335
C73: 841 | D73: 蒼山レナ | E73: 定岡 玲奈 | F73: =IF(E73="","", SUMIF('1.入力表'!$K$8:$K$1368,D73,'1.入力表'!$O$8:$O$1368)) -> 0 | G73: =IF(E73="","", SUMIF('2.入力表'!$K$47:$K$1650,D73,'2.入力表'!$N$47:$N$1650)) -> 0 | H73: =IF(E73="","", SUMIF('1.入力表'!$K$8:$K$1368,D73,'1.入力表'!$P$8:$P$1368)) -> 0 | I73: =IF(E73="","",SUM(F73:H73)) -> 0 | J73: =IF(E73="","",IF(I73>1000000,ROUNDDOWN(1000000*10.21%,0)+(I73-1000000)*20.42%,ROUNDDOWN(I73*10.21%,0))) -> 0 | K73: =IF(I73="","",I73-J73) -> 0 | L73: 0 | M73: =IF(E73="","",SUM(K73:L73)) -> 0 | N73: みずほ銀行 船場支店 | O73: 3000897 | P73: ｻﾀﾞｵｶ ﾚﾅ | Q73: 〒 | R73: 531-0072 | S73: 大阪市北区豊崎4-8-2 日商岩井中津マンション708 | T73: 080-3599-4517
B74: HONEY TRAP | C74: 1056 | D74: 平川珠里 | E74: 杉村 綾優 | F74: =IF(E74="","", SUMIF('1.入力表'!$K$8:$K$1368,D74,'1.入力表'!$O$8:$O$1368)) -> 0 | G74: =IF(E74="","", SUMIF('2.入力表'!$K$47:$K$1650,D74,'2.入力表'!$N$47:$N$1650)) -> 0 | H74: =IF(E74="","", SUMIF('1.入力表'!$K$8:$K$1368,D74,'1.入力表'!$P$8:$P$1368)) -> 0 | I74: =IF(E74="","",SUM(F74:H74)) -> 0 | J74: =IF(E74="","",IF(I74>1000000,ROUNDDOWN(1000000*10.21%,0)+(I74-1000000)*20.42%,ROUNDDOWN(I74*10.21%,0))) -> 0 | K74: =IF(I74="","",I74-J74) -> 0 | L74: 0 | M74: =IF(E74="","",SUM(K74:L74)) -> 0 | N74: 三井住友銀行 なんば支店 | O74: 8161018 | P74: ｽｷﾞﾑﾗ ｱﾕ | Q74: 〒 | R74: 550-0014 | S74: 大阪府大阪市西区北堀江1-23-9 プロシード北堀江1205 | T74: 080-9733-6228
B75: BAMBI MONSTERS | D75: 音海きあら | E75: 笠木 希亜良 | F75: =IF(E75="","", SUMIF('1.入力表'!$K$8:$K$1368,D75,'1.入力表'!$O$8:$O$1368)) -> 0 | G75: =IF(E75="","", SUMIF('2.入力表'!$K$47:$K$1650,D75,'2.入力表'!$N$47:$N$1650)) -> 0 | H75: =IF(E75="","", SUMIF('1.入力表'!$K$8:$K$1368,D75,'1.入力表'!$P$8:$P$1368)) -> 0 | I75: =IF(E75="","",SUM(F75:H75)) -> 0 | J75: =IF(E75="","",IF(I75>1000000,ROUNDDOWN(1000000*10.21%,0)+(I75-1000000)*20.42%,ROUNDDOWN(I75*10.21%,0))) -> 0 | K75: =IF(I75="","",I75-J75) -> 0 | L75: 0 | M75: =IF(E75="","",SUM(K75:L75)) -> 0 | N75: 三井住友銀行 梅田支店 | O75: 9792890 | P75: ｶｻｷﾞ ｷｱﾗ | Q75: 〒 | R75: 574-0014 | S75: 大東市寺川4-9-3 | T75: 080-4394-4130
B76: BAMBI MONSTERS | D76: 池川みゆな | E76: 矢野 未由菜 | F76: =IF(E76="","", SUMIF('1.入力表'!$K$8:$K$1368,D76,'1.入力表'!$O$8:$O$1368)) -> 0 | G76: =IF(E76="","", SUMIF('2.入力表'!$K$47:$K$1650,D76,'2.入力表'!$N$47:$N$1650)) -> 0 | H76: =IF(E76="","", SUMIF('1.入力表'!$K$8:$K$1368,D76,'1.入力表'!$P$8:$P$1368)) -> 0 | I76: =IF(E76="","",SUM(F76:H76)) -> 0 | J76: =IF(E76="","",IF(I76>1000000,ROUNDDOWN(1000000*10.21%,0)+(I76-1000000)*20.42%,ROUNDDOWN(I76*10.21%,0))) -> 0 | K76: =IF(I76="","",I76-J76) -> 0 | L76: 0 | M76: =IF(E76="","",SUM(K76:L76)) -> 0 | N76: ゆうちょ銀行 六三八 | O76: 1852749 | P76: ﾔﾉ ﾐﾕﾅ | Q76: 〒 | R76: 575-0023 | S76: 大阪府四条畷市楠公二丁目1番4号ヴィラナリー楠公204 | T76: 080-4990-8158
C77: - | D77: 立花莉聖 | E77: 田中 梨聖 | F77: =IF(E77="","", SUMIF('1.入力表'!$K$8:$K$1368,D77,'1.入力表'!$O$8:$O$1368)) -> 0 | G77: =IF(E77="","", SUMIF('2.入力表'!$K$47:$K$1650,D77,'2.入力表'!$N$47:$N$1650)) -> 0 | H77: =IF(E77="","", SUMIF('1.入力表'!$K$8:$K$1368,D77,'1.入力表'!$P$8:$P$1368)) -> 0 | I77: =IF(E77="","",SUM(F77:H77)) -> 0 | J77: =IF(E77="","",IF(I77>1000000,ROUNDDOWN(1000000*10.21%,0)+(I77-1000000)*20.42%,ROUNDDOWN(I77*10.21%,0))) -> 0 | K77: =IF(I77="","",I77-J77) -> 0 | L77: 0 | M77: =IF(E77="","",SUM(K77:L77)) -> 0 | N77: 近畿大阪銀行 忍ヶ丘支店 | O77: 0111751 | P77: ﾀﾅｶ ﾘｾ | Q77: 〒 | R77: 575-0002 | S77: 四條畷市岡山2丁目3-15 | T77: 080-1471-8232
D78: 北乃百峯 | E78: 梅木 萌 | F78: =IF(E78="","", SUMIF('1.入力表'!$K$8:$K$1368,D78,'1.入力表'!$O$8:$O$1368)) -> 0 | G78: =IF(E78="","", SUMIF('2.入力表'!$K$47:$K$1650,D78,'2.入力表'!$N$47:$N$1650)) -> 0 | H78: =IF(E78="","", SUMIF('1.入力表'!$K$8:$K$1368,D78,'1.入力表'!$P$8:$P$1368)) -> 0 | I78: =IF(E78="","",SUM(F78:H78)) -> 0 | J78: =IF(E78="","",IF(I78>1000000,ROUNDDOWN(1000000*10.21%,0)+(I78-1000000)*20.42%,ROUNDDOWN(I78*10.21%,0))) -> 0 | K78: =IF(I78="","",I78-J78) -> 0 | L78: 0 | M78: =IF(E78="","",SUM(K78:L78)) -> 0 | N78: りそな銀行 高槻支店 | O78: 0503390 | P78: ｳﾒｷ ﾓｴ | Q78: 〒 | R78: 569-1022 | S78: 大阪府高槻市日吉台三番町17-10
D79: 日向もこ | E79: 田中 萌望 | F79: =IF(E79="","", SUMIF('1.入力表'!$K$8:$K$1368,D79,'1.入力表'!$O$8:$O$1368)) -> 0 | G79: =IF(E79="","", SUMIF('2.入力表'!$K$47:$K$1650,D79,'2.入力表'!$N$47:$N$1650)) -> 0 | H79: =IF(E79="","", SUMIF('1.入力表'!$K$8:$K$1368,D79,'1.入力表'!$P$8:$P$1368)) -> 0 | I79: =IF(E79="","",SUM(F79:H79)) -> 0 | J79: =IF(E79="","",IF(I79>1000000,ROUNDDOWN(1000000*10.21%,0)+(I79-1000000)*20.42%,ROUNDDOWN(I79*10.21%,0))) -> 0 | K79: =IF(I79="","",I79-J79) -> 0 | L79: 0 | M79: =IF(E79="","",SUM(K79:L79)) -> 0 | N79: 京都銀行 本店営業部 | O79: 5329556 | P79: ﾀﾅｶ ﾓﾓ | Q79: 〒 | R79: 603-8813 | S79: 京都市北区西賀茂大道口町77 | T79: 090-7494-3210
B80: ディレクター | E80: 八幡 明美 | F80: =IF(E80="","", SUMIF('1.入力表'!$K$8:$K$1368,D80,'1.入力表'!$O$8:$O$1368)) -> 0 | G80: =IF(E80="","", SUMIF('2.入力表'!$K$47:$K$1650,D80,'2.入力表'!$N$47:$N$1650)) -> 0 | H80: =IF(E80="","", SUMIF('1.入力表'!$K$8:$K$1368,D80,'1.入力表'!$P$8:$P$1368)) -> 0 | I80: =IF(E80="","",SUM(F80:H80)) -> 0 | J80: =IF(I80="","",ROUNDDOWN(I80*10.21%,0)) -> 0 | K80: =IF(I80="","",I80-J80) -> 0 | L80: 0 | M80: =IF(E80="","",SUM(K80:L80)) -> 0 | N80: 三井住友銀行 梅田支店 | O80: 8317734 | P80: ﾔﾊﾀ ｱｹﾐ | Q80: 〒 | R80: 581-0847 | S80: 八尾市東山本町1-11-24 | T80: 080-4025-3946
B81: HONEY TRAP | C81: - | D81: 大橋雪乃 | E81: 田原 由紀乃 | F81: =IF(E81="","", SUMIF('1.入力表'!$K$8:$K$1368,D81,'1.入力表'!$O$8:$O$1368)) -> 0 | G81: =IF(E81="","", SUMIF('2.入力表'!$K$47:$K$1650,D81,'2.入力表'!$N$47:$N$1650)) -> 0 | H81: =IF(E81="","", SUMIF('1.入力表'!$K$8:$K$1368,D81,'1.入力表'!$P$8:$P$1368)) -> 0 | I81: =IF(E81="","",SUM(F81:H81)) -> 0 | J81: =IF(I81="","",ROUNDDOWN(I81*10.21%,0)) -> 0 | K81: =IF(I81="","",I81-J81) -> 0 | L81: 0 | M81: =IF(E81="","",SUM(K81:L81)) -> 0 | N81: ゆうちょ銀行 四二八 | O81: 5446621 | P81: ﾀﾊﾗ ﾕｷﾉ | Q81: 〒 | R81: 651-0077 | S81: 神戸市中央区日暮通1丁目5-16-502 | T81: 090-6978-1888
D82: サナ | E82: 中原 沙奈 | F82: =IF(E82="","", SUMIF('1.入力表'!$K$8:$K$1368,D82,'1.入力表'!$O$8:$O$1368)) -> 0 | G82: =IF(E82="","", SUMIF('2.入力表'!$K$47:$K$1650,D82,'2.入力表'!$N$47:$N$1650)) -> 0 | H82: =IF(E82="","", SUMIF('1.入力表'!$K$8:$K$1368,D82,'1.入力表'!$P$8:$P$1368)) -> 0 | I82: =IF(E82="","",SUM(F82:H82)) -> 0 | J82: =IF(I82="","",ROUNDDOWN(I82*10.21%,0)) -> 0 | K82: =IF(I82="","",I82-J82) -> 0 | L82: 0 | M82: =IF(E82="","",SUM(K82:L82)) -> 0 | N82: みずほ銀行 難波支店 | O82: 1915394 | P82: ﾅｶﾊﾗ ｻﾅ | Q82: 〒 | R82: 557-0063 | S82: 大阪市西成区南津守7-14-7 | T82: 090-1249-1375
D83: ミオ | E83: ミオ | F83: =IF(E83="","", SUMIF('1.入力表'!$K$8:$K$1368,D83,'1.入力表'!$O$8:$O$1368)) -> 0 | G83: =IF(E83="","", SUMIF('2.入力表'!$K$47:$K$1650,D83,'2.入力表'!$N$47:$N$1650)) -> 0 | H83: =IF(E83="","", SUMIF('1.入力表'!$K$8:$K$1368,D83,'1.入力表'!$P$8:$P$1368)) -> 0 | I83: =IF(E83="","",SUM(F83:H83)) -> 0 | J83: =IF(I83>1000000,ROUNDDOWN(1000000*10.21%,0)+(I83-1000000)*20.42%,ROUNDDOWN(I83*10.21%,0)) -> 0 | K83: =IF(I83="","",I83-J83) -> 0 | L83: 0 | M83: =IF(E83="","",SUM(K83:L83)) -> 0 | Q83: 〒
B84: OB | D84: 雪奈 | E84: 廣瀬 雪奈 | F84: =IF(E84="","", SUMIF('1.入力表'!$K$8:$K$1368,D84,'1.入力表'!$O$8:$O$1368)) -> 0 | G84: =IF(E84="","", SUMIF('2.入力表'!$K$47:$K$1650,D84,'2.入力表'!$N$47:$N$1650)) -> 0 | H84: =IF(E84="","", SUMIF('1.入力表'!$K$8:$K$1368,D84,'1.入力表'!$P$8:$P$1368)) -> 0 | I84: =IF(E84="","",SUM(F84:H84)) -> 0 | J84: =IF(E84="","",IF(I84>1000000,ROUNDDOWN(1000000*10.21%,0)+(I84-1000000)*20.42%,ROUNDDOWN(I84*10.21%,0))) -> 0 | K84: =IF(I84="","",I84-J84) -> 0 | L84: 0 | M84: =IF(E84="","",SUM(K84:L84)) -> 0 | N84: 池田泉州銀行 松原支店 | O84: 3072571 | P84: ﾋﾛｾﾕｷﾅ | Q84: 〒 | R84: 556-0014 | S84: 大阪府大阪市浪速区大国2-6-2リッチライフダイコク803 | T84: 080-3444-7313
B85: OB | D85: すみか | E85: 高岡 素果香 | F85: =IF(E85="","", SUMIF('1.入力表'!$K$8:$K$1368,D85,'1.入力表'!$O$8:$O$1368)) -> 0 | G85: =IF(E85="","", SUMIF('2.入力表'!$K$47:$K$1650,D85,'2.入力表'!$N$47:$N$1650)) -> 0 | H85: =IF(E85="","", SUMIF('1.入力表'!$K$8:$K$1368,D85,'1.入力表'!$P$8:$P$1368)) -> 0 | I85: =IF(E85="","",SUM(F85:H85)) -> 0 | J85: =IF(E85="","",IF(I85>1000000,ROUNDDOWN(1000000*10.21%,0)+(I85-1000000)*20.42%,ROUNDDOWN(I85*10.21%,0))) -> 0 | K85: =IF(I85="","",I85-J85) -> 0 | L85: 0 | M85: =IF(E85="","",SUM(K85:L85)) -> 0 | N85: みずほ銀行 船場支店 | O85: 2048810 | P85: ﾀｶｵｶｽﾐｶ | Q85: 〒 | R85: 578-0942 | S85: 東大阪市若江本町3-4-30-107 | T85: 090-6676-3519
B86: OB | D86: 愛里 | E86: 藤井 愛里 | F86: =IF(E86="","", SUMIF('1.入力表'!$K$8:$K$1368,D86,'1.入力表'!$O$8:$O$1368)) -> 0 | G86: =IF(E86="","", SUMIF('2.入力表'!$K$47:$K$1650,D86,'2.入力表'!$N$47:$N$1650)) -> 0 | H86: =IF(E86="","", SUMIF('1.入力表'!$K$8:$K$1368,D86,'1.入力表'!$P$8:$P$1368)) -> 0 | I86: =IF(E86="","",SUM(F86:H86)) -> 0 | J86: =IF(I86="","",ROUNDDOWN(I86*10.21%,0)) -> 0 | K86: =IF(I86="","",I86-J86) -> 0 | L86: 0 | M86: =IF(E86="","",SUM(K86:L86)) -> 0 | N86: みずほ銀行 難波支店 | O86: 1898074 | P86: ﾌｼﾞｲ ｱｲﾘ | Q86: 〒 | R86: 530-0033 | S86: 大阪市北区池田町14-7-1005 | T86: 090-7146-2118
B87: OB | D87: 千里波 | E87: 上間 千里波 | F87: =IF(E87="","", SUMIF('1.入力表'!$K$8:$K$1368,D87,'1.入力表'!$O$8:$O$1368)) -> 0 | G87: =IF(E87="","", SUMIF('2.入力表'!$K$47:$K$1650,D87,'2.入力表'!$N$47:$N$1650)) -> 0 | H87: =IF(E87="","", SUMIF('1.入力表'!$K$8:$K$1368,D87,'1.入力表'!$P$8:$P$1368)) -> 0 | I87: =IF(E87="","",SUM(F87:H87)) -> 0 | J87: =IF(E87="","",IF(I87>1000000,ROUNDDOWN(1000000*10.21%,0)+(I87-1000000)*20.42%,ROUNDDOWN(I87*10.21%,0))) -> 0 | K87: =IF(I87="","",I87-J87) -> 0 | L87: 0 | M87: =IF(E87="","",SUM(K87:L87)) -> 0 | N87: りそな銀行 羽曳野支店 | O87: 0163918 | P87: ｳｴﾏ ｾﾘﾅ | Q87: 〒 | R87: 583-0871 | S87: 羽曳野市野々上5-12-2-208 | T87: 090-6609-2414
D88: 望月紗奈 | E88: 瑞穂 彩結那 | F88: =IF(E88="","", SUMIF('1.入力表'!$K$8:$K$1368,D88,'1.入力表'!$O$8:$O$1368)) -> 0 | G88: =IF(E88="","", SUMIF('2.入力表'!$K$47:$K$1650,D88,'2.入力表'!$N$47:$N$1650)) -> 0 | H88: =IF(E88="","", SUMIF('1.入力表'!$K$8:$K$1368,D88,'1.入力表'!$P$8:$P$1368)) -> 0 | I88: =IF(E88="","",SUM(F88:H88)) -> 0 | J88: =IF(E88="","",IF(I88>1000000,ROUNDDOWN(1000000*10.21%,0)+(I88-1000000)*20.42%,ROUNDDOWN(I88*10.21%,0))) -> 0 | K88: =IF(I88="","",I88-J88) -> 0 | L88: 0 | M88: =IF(E88="","",SUM(K88:L88)) -> 0 | N88: 三井住友銀行 茨木西支店 | O88: 1018614 | P88: ﾐｽﾞﾎ ｻﾕﾅ | Q88: 〒 | R88: 565-0814 | S88: 大阪府吹田市千里丘西24-2-901 | T88: 090-5287-6999
D89: 湊ナナミ | E89: 齋 七海 | F89: =IF(E89="","", SUMIF('1.入力表'!$K$8:$K$1368,D89,'1.入力表'!$O$8:$O$1368)) -> 0 | G89: =IF(E89="","", SUMIF('2.入力表'!$K$47:$K$1650,D89,'2.入力表'!$N$47:$N$1650)) -> 0 | H89: =IF(E89="","", SUMIF('1.入力表'!$K$8:$K$1368,D89,'1.入力表'!$P$8:$P$1368)) -> 0 | I89: =IF(E89="","",SUM(F89:H89)) -> 0 | J89: =IF(E89="","",IF(I89>1000000,ROUNDDOWN(1000000*10.21%,0)+(I89-1000000)*20.42%,ROUNDDOWN(I89*10.21%,0))) -> 0 | K89: =IF(I89="","",I89-J89) -> 0 | L89: 0 | M89: =IF(E89="","",SUM(K89:L89)) -> 0 | N89: ゆうちょ銀行 四四八 | O89: 2303579 | P89: ｻｲﾅﾅﾐ | Q89: 〒 | R89: 612-8003 | S89: 京都市伏見区桃山町西尾37 | T89: 070-9053-7286
D90: セナミ | E90: 久保 瀬波 | F90: =IF(E90="","", SUMIF('1.入力表'!$K$8:$K$1368,D90,'1.入力表'!$O$8:$O$1368)) -> 0 | G90: =IF(E90="","", SUMIF('2.入力表'!$K$47:$K$1650,D90,'2.入力表'!$N$47:$N$1650)) -> 0 | H90: =IF(E90="","", SUMIF('1.入力表'!$K$8:$K$1368,D90,'1.入力表'!$P$8:$P$1368)) -> 0 | I90: =IF(E90="","",SUM(F90:H90)) -> 0 | J90: =IF(E90="","",IF(I90>1000000,ROUNDDOWN(1000000*10.21%,0)+(I90-1000000)*20.42%,ROUNDDOWN(I90*10.21%,0))) -> 0 | K90: =IF(I90="","",I90-J90) -> 0 | L90: 0 | M90: =IF(E90="","",SUM(K90:L90)) -> 0 | N90: ゆうちょ銀行 四一八 | O90: 5201444 | P90: ｸﾎﾞｾﾅﾐ | Q90: 〒 | R90: 593-8328 | S90: 大阪府堺市西区鳳北町10-27-3 | T90: 080-6129-2809
D91: 末永華菜 | E91: 田之上 花菜 | F91: =IF(E91="","", SUMIF('1.入力表'!$K$8:$K$1368,D91,'1.入力表'!$O$8:$O$1368)) -> 0 | G91: =IF(E91="","", SUMIF('2.入力表'!$K$47:$K$1650,D91,'2.入力表'!$N$47:$N$1650)) -> 0 | H91: =IF(E91="","", SUMIF('1.入力表'!$K$8:$K$1368,D91,'1.入力表'!$P$8:$P$1368)) -> 0 | I91: =IF(E91="","",SUM(F91:H91)) -> 0 | J91: =IF(E91="","",IF(I91>1000000,ROUNDDOWN(1000000*10.21%,0)+(I91-1000000)*20.42%,ROUNDDOWN(I91*10.21%,0))) -> 0 | K91: =IF(I91="","",I91-J91) -> 0 | L91: 0 | M91: =IF(E91="","",SUM(K91:L91)) -> 0 | N91: りそな銀行 高槻富田支店 | O91: 1460397 | P91: ﾀﾉｳｴｶﾅ | Q91: 〒 | R91: 569-1142 | S91: 大阪府高槻市宮田町1丁目15-6 | T91: 090-6243-1256
B92: STELLA JAPAN | C92: - | D92: 喜多川なこ | E92: 長澤 奈々子 | F92: =IF(E92="","", SUMIF('1.入力表'!$K$8:$K$1368,D92,'1.入力表'!$O$8:$O$1368)) -> 0 | G92: =IF(E92="","", SUMIF('2.入力表'!$K$47:$K$1650,D92,'2.入力表'!$N$47:$N$1650)) -> 0 | H92: =IF(E92="","", SUMIF('1.入力表'!$K$8:$K$1368,D92,'1.入力表'!$P$8:$P$1368)) -> 0 | I92: =IF(E92="","",SUM(F92:H92)) -> 0 | J92: =IF(E92="","",IF(I92>1000000,ROUNDDOWN(1000000*10.21%,0)+(I92-1000000)*20.42%,ROUNDDOWN(I92*10.21%,0))) -> 0 | K92: =IF(I92="","",I92-J92) -> 0 | L92: 0 | M92: =IF(E92="","",SUM(K92:L92)) -> 0 | N92: りそな銀行 瓢箪山 | O92: 0205811 | P92: ﾅｶﾞｻﾜ ﾅﾅｺ | Q92: 〒 | R92: 579-8053 | S92: 大阪府東大阪市四条町18-14 | T92: 090-6321-3639
C93: - | D93: ジェリ | E93: 飯野 真優 | F93: =IF(E93="","", SUMIF('1.入力表'!$K$8:$K$1368,D93,'1.入力表'!$O$8:$O$1368)) -> 0 | G93: =IF(E93="","", SUMIF('2.入力表'!$K$47:$K$1650,D93,'2.入力表'!$N$47:$N$1650)) -> 0 | H93: =IF(E93="","", SUMIF('1.入力表'!$K$8:$K$1368,D93,'1.入力表'!$P$8:$P$1368)) -> 0 | I93: =IF(E93="","",SUM(F93:H93)) -> 0 | J93: =IF(E93="","",IF(I93>1000000,ROUNDDOWN(1000000*10.21%,0)+(I93-1000000)*20.42%,ROUNDDOWN(I93*10.21%,0))) -> 0 | K93: =IF(I93="","",I93-J93) -> 0 | L93: 0 | M93: =IF(E93="","",SUM(K93:L93)) -> 0 | N93: 三井住友銀行 尼崎支店 | O93: 5491785 | P93: ｲｲﾉ ﾏﾋﾛ | Q93: 〒 | R93: 660-0811 | S93: 兵庫県県尼崎市常光寺2-5-16 | T93: 080-5217-0383
B94: STELLA JAPAN | D94: 清水おと | E94: 樋上 綾 | F94: =IF(E94="","", SUMIF('1.入力表'!$K$8:$K$1368,D94,'1.入力表'!$O$8:$O$1368)) -> 0 | G94: =IF(E94="","", SUMIF('2.入力表'!$K$47:$K$1650,D94,'2.入力表'!$N$47:$N$1650)) -> 0 | H94: =IF(E94="","", SUMIF('1.入力表'!$K$8:$K$1368,D94,'1.入力表'!$P$8:$P$1368)) -> 0 | I94: =IF(E94="","",SUM(F94:H94)) -> 0 | J94: =IF(E94="","",IF(I94>1000000,ROUNDDOWN(1000000*10.21%,0)+(I94-1000000)*20.42%,ROUNDDOWN(I94*10.21%,0))) -> 0 | K94: =IF(I94="","",I94-J94) -> 0 | L94: 0 | M94: =IF(E94="","",SUM(K94:L94)) -> 0 | N94: 三井住友銀行 難波支店 | O94: 8476669 | P94: ﾋﾉｳｴ ｱﾔ | Q94: 〒 | R94: 550-0015 | S94: 大阪市西区南堀江2-11-26プレサンス南堀江スタイルズ402
D95: りく | E95: 神谷 玲空 | F95: =IF(E95="","", SUMIF('1.入力表'!$K$8:$K$1368,D95,'1.入力表'!$O$8:$O$1368)) -> 0 | G95: =IF(E95="","", SUMIF('2.入力表'!$K$47:$K$1650,D95,'2.入力表'!$N$47:$N$1650)) -> 0 | H95: =IF(E95="","", SUMIF('1.入力表'!$K$8:$K$1368,D95,'1.入力表'!$P$8:$P$1368)) -> 0 | I95: =IF(E95="","",SUM(F95:H95)) -> 0 | J95: =IF(E95="","",IF(I95>1000000,ROUNDDOWN(1000000*10.21%,0)+(I95-1000000)*20.42%,ROUNDDOWN(I95*10.21%,0))) -> 0 | K95: =IF(I95="","",I95-J95) -> 0 | L95: 0 | M95: =IF(E95="","",SUM(K95:L95)) -> 0 | N95: 三井住友銀行 藤原台支店 | O95: 7816226 | P95: ｶﾐﾔﾘｸ
B96: PCDL | D96: ななみ | E96: 酒井 七海 | F96: =IF(E96="","", SUMIF('1.入力表'!$K$8:$K$1368,D96,'1.入力表'!$O$8:$O$1368)) -> 0 | G96: =IF(E96="","", SUMIF('2.入力表'!$K$47:$K$1650,D96,'2.入力表'!$N$47:$N$1650)) -> 0 | H96: =IF(E96="","", SUMIF('1.入力表'!$K$8:$K$1368,D96,'1.入力表'!$P$8:$P$1368)) -> 0 | I96: =IF(E96="","",SUM(F96:H96)) -> 0 | J96: =IF(E96="","",IF(I96>1000000,ROUNDDOWN(1000000*10.21%,0)+(I96-1000000)*20.42%,ROUNDDOWN(I96*10.21%,0))) -> 0 | K96: =IF(I96="","",I96-J96) -> 0 | L96: 0 | M96: =IF(E96="","",SUM(K96:L96)) -> 0 | N96: ゆうちょ銀行 四三八 | O96: 9689145 | P96: ｻｶｲﾅﾅﾐ
B97: GIRAFFE | D97: RUNA | E97: 仙石 瑠南 | F97: =IF(E97="","", SUMIF('1.入力表'!$K$8:$K$1368,D97,'1.入力表'!$O$8:$O$1368)) -> 0 | G97: =IF(E97="","", SUMIF('2.入力表'!$K$47:$K$1650,D97,'2.入力表'!$N$47:$N$1650)) -> 0 | H97: =IF(E97="","", SUMIF('1.入力表'!$K$8:$K$1368,D97,'1.入力表'!$P$8:$P$1368)) -> 0 | I97: =IF(E97="","",SUM(F97:H97)) -> 0 | J97: =IF(E97="","",IF(I97>1000000,ROUNDDOWN(1000000*10.21%,0)+(I97-1000000)*20.42%,ROUNDDOWN(I97*10.21%,0))) -> 0 | K97: =IF(I97="","",I97-J97) -> 0 | L97: 0 | M97: =IF(E97="","",SUM(K97:L97)) -> 0 | N97: みずほ銀行 灘支店 | O97: 3022527 | P97: ｾﾝｺﾞｸﾙﾅ | Q97: 〒 | R97: 551-0002 | S97: 大阪府大阪市大正区三軒家東4-6-9 | T97: 080-2913-1709
D98: LUNN | E98: 椛島 杏奈 | F98: =IF(E98="","", SUMIF('1.入力表'!$K$8:$K$1368,D98,'1.入力表'!$O$8:$O$1368)) -> 0 | G98: =IF(E98="","", SUMIF('2.入力表'!$K$47:$K$1650,D98,'2.入力表'!$N$47:$N$1650)) -> 0 | H98: =IF(E98="","", SUMIF('1.入力表'!$K$8:$K$1368,D98,'1.入力表'!$P$8:$P$1368)) -> 0 | I98: =IF(E98="","",SUM(F98:H98)) -> 0 | J98: =IF(E98="","",IF(I98>1000000,ROUNDDOWN(1000000*10.21%,0)+(I98-1000000)*20.42%,ROUNDDOWN(I98*10.21%,0))) -> 0 | K98: =IF(I98="","",I98-J98) -> 0 | L98: 0 | M98: =IF(E98="","",SUM(K98:L98)) -> 0 | N98: 三菱UFJ銀行 寝屋川支店 | O98: 0216443 | P98: ｶﾊﾞｼﾏｱﾝﾅ
B99: PCDL | D99: りょーた | E99: 嶋坂亮汰 | F99: =IF(E99="","", SUMIF('1.入力表'!$K$8:$K$1368,D99,'1.入力表'!$O$8:$O$1368)) -> 0 | G99: =IF(E99="","", SUMIF('2.入力表'!$K$47:$K$1650,D99,'2.入力表'!$N$47:$N$1650)) -> 0 | H99: =IF(E99="","", SUMIF('1.入力表'!$K$8:$K$1368,D99,'1.入力表'!$P$8:$P$1368)) -> 0 | I99: =IF(E99="","",SUM(F99:H99)) -> 0 | J99: =IF(E99="","",IF(I99>1000000,ROUNDDOWN(1000000*10.21%,0)+(I99-1000000)*20.42%,ROUNDDOWN(I99*10.21%,0))) -> 0 | K99: =IF(I99="","",I99-J99) -> 0 | L99: 0 | M99: =IF(E99="","",SUM(K99:L99)) -> 0 | N99: りそな銀行 守口支店 | O99: 0365752 | P99: ｼﾏｻｶﾘｮｳﾀ
B100: PCDL | D100: たつや | E100: 藤井 達也 | F100: =IF(E100="","", SUMIF('1.入力表'!$K$8:$K$1368,D100,'1.入力表'!$O$8:$O$1368)) -> 0 | G100: =IF(E100="","", SUMIF('2.入力表'!$K$47:$K$1650,D100,'2.入力表'!$N$47:$N$1650)) -> 0 | H100: =IF(E100="","", SUMIF('1.入力表'!$K$8:$K$1368,D100,'1.入力表'!$P$8:$P$1368)) -> 0 | I100: =IF(E100="","",SUM(F100:H100)) -> 0 | J100: =IF(E100="","",IF(I100>1000000,ROUNDDOWN(1000000*10.21%,0)+(I100-1000000)*20.42%,ROUNDDOWN(I100*10.21%,0))) -> 0 | K100: =IF(I100="","",I100-J100) -> 0 | L100: 0 | M100: =IF(E100="","",SUM(K100:L100)) -> 0 | N100: 京都中央信用金庫 竹田南支店 | O100: 0169699 | P100: ﾌｼﾞｲﾀﾂﾔ
B101: PCDL | D101: けんたろ | E101: 佐藤 健太郎 | F101: =IF(E101="","", SUMIF('1.入力表'!$K$8:$K$1368,D101,'1.入力表'!$O$8:$O$1368)) -> 0 | G101: =IF(E101="","", SUMIF('2.入力表'!$K$47:$K$1650,D101,'2.入力表'!$N$47:$N$1650)) -> 0 | H101: =IF(E101="","", SUMIF('1.入力表'!$K$8:$K$1368,D101,'1.入力表'!$P$8:$P$1368)) -> 0 | I101: =IF(E101="","",SUM(F101:H101)) -> 0 | J101: =IF(E101="","",IF(I101>1000000,ROUNDDOWN(1000000*10.21%,0)+(I101-1000000)*20.42%,ROUNDDOWN(I101*10.21%,0))) -> 0 | K101: =IF(I101="","",I101-J101) -> 0 | L101: 0 | M101: =IF(E101="","",SUM(K101:L101)) -> 0 | N101: 三菱UFJ銀行 淡路支店 | O101: 0248772 | P101: ｻﾄｳ ｹﾝﾀﾛｳ
B102: PCDL | D102: ひなた | E102: 天野 翔 | F102: =IF(E102="","", SUMIF('1.入力表'!$K$8:$K$1368,D102,'1.入力表'!$O$8:$O$1368)) -> 0 | G102: =IF(E102="","", SUMIF('2.入力表'!$K$47:$K$1974,D102,'2.入力表'!$N$47:$N$1974)) -> 0 | H102: =IF(E102="","", SUMIF('1.入力表'!$K$8:$K$1368,D102,'1.入力表'!$P$8:$P$1368)) -> 0 | I102: =IF(E102="","",SUM(F102:H102)) -> 0 | J102: =IF(E102="","",IF(I102>1000000,ROUNDDOWN(1000000*10.21%,0)+(I102-1000000)*20.42%,ROUNDDOWN(I102*10.21%,0))) -> 0 | K102: =IF(I102="","",I102-J102) -> 0 | L102: 0 | M102: =IF(E102="","",SUM(K102:L102)) -> 0 | N102: 三井住友銀行 藤原台 | O102: 7345411 | P102: ｱﾏﾉｼｮｳ
B103: PCDL | D103: 留奈 | E103: 栗山 留奈 | F103: =IF(E103="","", SUMIF('1.入力表'!$K$8:$K$1368,D103,'1.入力表'!$O$8:$O$1368)) -> 0 | G103: =IF(E103="","", SUMIF('2.入力表'!$K$47:$K$1650,D103,'2.入力表'!$N$47:$N$1650)) -> 0 | H103: =IF(E103="","", SUMIF('1.入力表'!$K$8:$K$1368,D103,'1.入力表'!$P$8:$P$1368)) -> 0 | I103: =IF(E103="","",SUM(F103:H103)) -> 0 | J103: =IF(E103="","",IF(I103>1000000,ROUNDDOWN(1000000*10.21%,0)+(I103-1000000)*20.42%,ROUNDDOWN(I103*10.21%,0))) -> 0 | K103: =IF(I103="","",I103-J103) -> 0 | L103: 0 | M103: =IF(E103="","",SUM(K103:L103)) -> 0 | N103: りそな銀行 茨木西支店 | O103: 0135757 | P103: ｸﾘﾔﾏ ﾙﾅ
B104: GRANDOLL | C104: 1095 | D104: 柚月千春 | E104: 川江 千春 | F104: =IF(E104="","", SUMIF('1.入力表'!$K$8:$K$1368,D104,'1.入力表'!$O$8:$O$1368)) -> 0 | G104: =IF(E104="","", SUMIF('2.入力表'!$K$47:$K$1650,D104,'2.入力表'!$N$47:$N$1650)) -> 0 | H104: =IF(E104="","", SUMIF('1.入力表'!$K$8:$K$1368,D104,'1.入力表'!$P$8:$P$1368)) -> 0 | I104: =IF(E104="","",SUM(F104:H104)) -> 0 | J104: =IF(E104="","",IF(I104>1000000,ROUNDDOWN(1000000*10.21%,0)+(I104-1000000)*20.42%,ROUNDDOWN(I104*10.21%,0))) -> 0 | K104: =IF(I104="","",I104-J104) -> 0 | L104: 0 | M104: =IF(E104="","",SUM(K104:L104)) -> 0 | N104: ゆうちょ銀行 四二八 | O104: 0419089 | P104: ｶﾜｴ ﾁﾊﾙ | Q104: 〒 | R104: 556-0003 | S104: 大阪市浪速区恵比須西2丁目14-15-604 | T104: 080-6166-2741
B105: PCDL | D105: あやみ | E105: 松本 茜 | F105: =IF(E105="","", SUMIF('1.入力表'!$K$8:$K$1368,D105,'1.入力表'!$O$8:$O$1368)) -> 0 | G105: =IF(E105="","", SUMIF('2.入力表'!$K$47:$K$1650,D105,'2.入力表'!$N$47:$N$1650)) -> 0 | H105: =IF(E105="","", SUMIF('1.入力表'!$K$8:$K$1368,D105,'1.入力表'!$P$8:$P$1368)) -> 0 | I105: =IF(E105="","",SUM(F105:H105)) -> 0 | J105: =IF(E105="","",IF(I105>1000000,ROUNDDOWN(1000000*10.21%,0)+(I105-1000000)*20.42%,ROUNDDOWN(I105*10.21%,0))) -> 0 | K105: =IF(I105="","",I105-J105) -> 0 | L105: 0 | M105: =IF(E105="","",SUM(K105:L105)) -> 0 | N105: りそな銀行 西宮支店 | O105: 0197962 | P105: ﾏﾂﾓﾄｱｶﾈ
...

Sheet 金額
B2: 現場名/曜日 | D2: 日給 | E2: 時給 | F2: 出勤時間 | G2: 退勤時間 | H2: 時間数 | I2: 勤務時間 | J2: 交通費 | K2: 現場名 | N2: 案件名 | O2: 現場名 | P2: 単価 | Q2: 項目
B3: OWL | C3: 0 | D3: 0 | E3: 1500 | F3: 0.91666667 | G3: 0.16666667 | H3: 6 | I3: 23:00 ~ 5:00 | K3: OWL | N3: OWL TIP | O3: OWL | P3: 50 | Q3: TIP | S3: Am TIP | T3: Am | U3: 50 | V3: TIP
B4: OWL/金-土 | C4: 0 | D4: 0 | E4: 1500 | F4: 0.041666667 | G4: 0.20833333 | H4: 4 | I4: 1:00 ~ 5:00 | K4: OWL | N4: OWL ﾁｪｷ | O4: OWL | P4: 500 | Q4: ﾁｪｷ | S4: Am ｵﾘｼｬﾝ | T4: Am | U4: 5000 | V4: ｵﾘｼｬﾝ
B5: Ammona/0-5 | C5: 0 | D5: 0 | E5: 1500 | F5: 0 | G5: 0.20833333 | H5: 5 | I5: 0:00 ~ 5:00 | K5: Am | N5: OWL GUEST | O5: OWL | P5: 0 | Q5: ｹﾞｽﾄ | S5: Am VIP | T5: Am | U5: 1 | V5: VIP
B6: Ammona/1-5 | C6: 0 | D6: 0 | E6: 1500 | F6: 0.041666667 | G6: 0.20833333 | H6: 4 | I6: 1:00 ~ 5:00 | K6: Am | N6: PCDL TIP | O6: PCDL | P6: 60 | Q6: TIP | S6: Amﾁｪｷ | T6: Am | U6: 400 | V6: ﾁｪｷ
B7: Ammona(G)/0-5 | C7: 0 | D7: 0 | E7: 1500 | F7: 0 | G7: 0.20833333 | H7: 5 | I7: 0:00~5:00 | K7: Am | N7: PCDL TIPﾀｽｷ | O7: PCDL | P7: 50 | Q7: TIP | S7: Amﾄﾞﾘﾁｹ | T7: Am | U7: 80 | V7: Am
B8: Ammona(G)/1-5 | C8: 0 | D8: 0 | E8: 1500 | F8: 0.041666667 | G8: 0.20833333 | H8: 4 | I8: 1:00~5:00 | K8: Am | N8: PCDL GUEST | O8: PCDL | P8: 1000 | Q8: ｹﾞｽﾄ | S8: Amｵﾘｶｸ | T8: Am | U8: 200 | V8: ｵﾘｶｸ
B9: BAMBI/日-木 | C9: 0 | D9: 0 | E9: 1500 | F9: 0 | G9: 0.20833333 | H9: 5 | I9: 0:00 ~ 5:00 | K9: BMB | N9: PCDLｼｮｯﾄ | O9: PCDL | P9: 100 | Q9: ｼｮｯﾄ | S9: Am GUEST | T9: Am | U9: 100 | V9: ｹﾞｽﾄ
B10: BAMBI/金-土 | C10: 0 | D10: 0 | E10: 1500 | F10: 0.97916667 | G10: 0.20833333 | H10: 5.5 | I10: 23:30 ~ 5:00 | K10: BMB | N10: PCDLｵﾘｶｸ | O10: PCDL | P10: 200 | Q10: ｵﾘｶｸ
B11: ANCHOR | C11: 0 | D11: 0 | E11: 1500 | F11: 0 | G11: 0.1875 | H11: 4.5 | I11: 0:00 ~ 4:30 | J11: 1280 | K11: ANC | N11: PCDL ﾁｪｷ | O11: PCDL | P11: 400 | Q11: ﾁｪｷ
B12: SUPER DOME | C12: 1 | D12: 12000 | E12: 0 | H12: 8 | K12: SD | N12: PCDLｵﾘｼｬﾝ | O12: PCDL | P12: 5000 | Q12: ｵﾘｼｬﾝ
B13: ONF | C13: 1 | D13: 6000 | E13: 0 | H13: 3 | K13: TH | N13: PCDL VIP | O13: PCDL | P13: 0.2 | Q13: VIP
B14: ONFﾒﾝｽﾞ | C14: 1 | D14: 6500 | E14: 0 | H14: 3 | K14: TH | N14: ﾓﾝｽﾀｰｽﾞTIP | O14: BMB | P14: 60 | Q14: TIP
B15: KITSUNE/23-4 | C15: 0 | D15: 0 | E15: 2000 | F15: 0.95833333 | G15: 0.16666667 | H15: 5 | I15: 23:00 ~ 4:00 | K15: KTN | N15: BAMBI TIP | O15: BMB | P15: 50 | Q15: TIP
B16: KITSUNE/0-4 | C16: 0 | D16: 0 | E16: 2000 | F16: 0 | G16: 0.16666667 | H16: 4 | I16: 0:00 ~ 4:00 | K16: KTN | N16: BAMBI ｵﾘｼｬﾝ | O16: BMB | P16: 5000 | Q16: ｵﾘｼｬﾝ
B17: KITSUNE/23-5 | C17: 0 | D17: 0 | E17: 2000 | F17: 0.95833333 | G17: 0.20833333 | H17: 6 | I17: 23:00 ~ 5:00 | K17: KTN | N17: BAMBI ﾁｪｷ | O17: BMB | P17: 400 | Q17: ﾁｪｷ
B18: KITSUNE/0-5 | C18: 0 | D18: 0 | E18: 2000 | F18: 0 | G18: 0.20833333 | H18: 5 | I18: 0:00 ~ 5:00 | K18: KTN | N18: BAMBI GUEST | O18: BMB | P18: 0 | Q18: ｹﾞｽﾄ
B19: WHIZZ | C19: 0 | E19: 2000 | F19: 0.20833333 | G19: 0.33333333 | H19: 3 | I19: 5:00~8:00 | K19: WHZ | N19: ANC TIP | O19: ANC | P19: 50 | Q19: TIP
B20: 外部案件 | C20: 0 | I20: =IF(H20="","",CONCATENATE(HOUR(F20),":",TEXT(MINUTE(F20),"00")," ～ ",HOUR(G20),":",TEXT(MINUTE(G20),"00"))) | K20: 外部 | N20: ANC ｵﾘｼｬﾝ | O20: ANC | P20: 5000 | Q20: ｵﾘｼｬﾝ
B21: PICCADILLY1 | C21: 0 | E21: 1500 | F21: 0 | G21: 0.16666667 | H21: 4 | I21: 0:00~4:00 | K21: PCD | N21: ANC ﾁｪｷ | O21: ANC | P21: 400 | Q21: ﾁｪｷ
B22: PICCADILLY2 | C22: 0 | E22: 1500 | F22: 0.91666667 | G22: 0 | H22: 2 | I22: 22:00~0:00 | K22: PCD | N22: ANC GUEST | O22: ANC | P22: 0 | Q22: ｹﾞｽﾄ
B23: PICCADILLYﾌﾛｱﾒｲｸ | C23: 0 | E23: 2000 | K23: PCD | N23: KITSUNE VIP | O23: KTN | P23: 1 | Q23: VIP
B24: GIRAFFE | C24: 0 | E24: 2000 | H24: 6 | I24: 22:00 ~ 4:00 | K24: GIR | N24: KITSUNE TIP | O24: KTN | P24: 40 | Q24: TIP
B25: GIRAFFE/hinaco | C25: 1 | D25: 15000 | E25: 0 | H25: 6 | I25: 22:00 ~ 4:00 | K25: GIR | N25: KITSUNE ｵﾘｼｬﾝ | O25: KTN | P25: 5000 | Q25: ｵﾘｼｬﾝ
B26: GIRAFFE/ﾃｷｰﾗ | C26: 0 | D26: 0 | E26: 1500 | F26: 0.91666667 | G26: 0.14583333 | H26: 5.5 | I26: 22:00 ~ 3:30 | K26: GIR | N26: KITSUNE ｵﾘｼｬﾝ50 | O26: KTN | P26: 10000 | Q26: ｵﾘｼｬﾝ
B27: CHEVAL | C27: 0 | E27: 1500 | H27: 4 | I27: 22:30 ~ 2:30 | K27: CVL | N27: KITSUNE ｵﾘｼｬﾝ75 | O27: KTN | P27: 15000 | Q27: ｵﾘｼｬﾝ
B28: MAHARAJA | C28: 0 | E28: 1500 | H28: 3 | I28: 21:00 ~ 0:00 | K28: MAHA | N28: KITSUNE ﾁｪｷ | O28: KTN | P28: 500 | Q28: ﾁｪｷ
N29: KITSUNE ｵﾘｶｸ | O29: KTN | P29: 200 | Q29: ｵﾘｶｸ
N30: WHIZZ TIP | O30: WHZ | P30: 40 | Q30: TIP
N31: WHIZZ専用TIP | O31: WHZ | P31: 10 | Q31: TIP
N32: WHIZZ ｵﾘｼｬﾝ30 | O32: WHZ | P32: 6000 | Q32: ｵﾘｼｬﾝ
N33: WHIZZ ｵﾘｼｬﾝ80 | O33: WHZ | P33: 16000 | Q33: ｵﾘｼｬﾝ
N34: Giraffe TIP | O34: GIR | P34: 60 | Q34: TIP
N35: Giraffe VIP ～10 | O35: GIR | P35: 0.15 | Q35: VIP
N36: Giraffe VIP 10～ | O36: GIR | P36: 0.2 | Q36: VIP
N37: Giraffe GUEST | O37: GIR | P37: 500 | Q37: ｹﾞｽﾄ
N38: Giraffe ﾃｷｰﾗ | O38: GIR | P38: 70 | Q38: ｼｮｯﾄ
N39: CHEVAL TIP | O39: CVL | P39: 40 | Q39: TIP
N40: CHEVAL ﾁｪｷ | O40: CVL | P40: 200 | Q40: ﾁｪｷ
... N43: CHEVAL GUEST | O43: CVL | P43: 200 | Q43: ｹﾞｽﾄ
I44: =IF(H44="","",CONCATENATE(HOUR(F44),":",TEXT(MINUTE(F44),"00")," ～ ",HOUR(G44),":",TEXT(MINUTE(G44),"00"))) | N44: 手当 | O44: TH
N45: 紹介 | O45: TH | P45: 30000
N46: GOODS売上 | O46: TH | P46: 100
N47: JP GUEST | O47: JP | P47: 0.1 | Q47: ｹﾞｽﾄ
N48: ﾏﾊﾗｼﾞｬ11杯目〜 | O48: MAHA | P48: 50 | Q48: ｼｮｯﾄ

Sheet 判定表
C2: 時給 | D2: アンカー | E2: 京都 | F2: バンビ | G2: team | I2: キツネ交通費
B3: 斉藤愛乃 | C3: 1700 | D3: 1500 | E3: 500 | G3: T | I3: 940
B4: 伊藤悠亜 | C4: 1250 | D4: 1500 | E4: 500 | G4: T | I4: 1240
B5: 佐藤ほの | C5: 1500 | D5: 1500 | E5: 500 | G5: T | I5: 820
B6: 星野もも | C6: 1700 | D6: 1500 | E6: 500 | G6: T | I6: 1300
B7: ホノカ | C7: 1000 | D7: 0 | E7: 500 | G7: T
B8: セリカ | C8: 1800 | D8: 1500 | E8: 500 | G8: T | I8: 1240
B9: アスミ | C9: 1500 | D9: 1500 | E9: 500 | G9: T | I9: 1340
B10: 西井リナ | C10: 1250 | D10: 0 | E10: 500 | G10: T
B11: 松尾奈美 | C11: 1800 | D11: 1500 | E11: 500 | G11: T | I11: 1280
B12: 河谷美奈 | C12: 1500 | D12: 1500 | E12: 500 | G12: T | I12: 1240
B13: 椿菜月 | C13: 1250 | D13: 1500 | E13: 500 | G13: T | I13: 1340
B14: リリー | C14: 1000 | D14: 1500 | E14: 500 | G14: T | I14: 1460
B15: 木戸つかさ | C15: 1500 | D15: 1500 | E15: 500 | G15: T | I15: 1240
B16: 松本みずき | C16: 1000 | D16: 0 | E16: 500 | G16: T | I16: 5800
B17: 大島花織 | C17: 1700 | D17: 1500 | E17: 500 | G17: T | I17: 1240
B18: 中条舞結 | C18: 1500 | D18: 1500 | E18: 500 | G18: T | I18: 1240
B19: 津灘美希 | C19: 1000 | D19: 1500 | E19: 500 | G19: T
B20: 七瀬亜美 | C20: 1500 | D20: 1500 | E20: 500 | G20: T | I20: 840
B21: 市川陽菜 | C21: 1250 | D21: 0 | E21: 500 | G21: T | I21: 2300
B22: 藤川薗絵 | C22: 1500 | D22: 1500 | E22: 500 | G22: T | I22: 1340
B23: 桜井美夜 | C23: 1250 | D23: 1500 | E23: 500 | G23: T | I23: 2240
B24: 上野花音 | C24: 1250 | D24: 0 | E24: 500 | G24: T | I24: 1480
B25: 藤瀬凪 | C25: 1250 | D25: 0 | E25: 500 | G25: T | I25: 1740
B26: 青峰ユリ | G26: T
B27: 神木くるみ | G27: T
B28: みゆ | C28: 1000 | D28: 1500 | E28: 500 | G28: K | I28: 1440
B29: 日野原小春 | C29: 1500 | D29: 1500 | E29: 500 | G29: B
B30: 須賀あいみ | C30: 1500 | D30: 1500 | E30: 500 | G30: B
B31: 黒美しの | C31: 1500 | D31: 1500 | E31: 500 | G31: B
B32: 川原りん | C32: 2000 | E32: 0 | G32: G | I32: 1200 | J32: 780
B33: 椎名萌花 | C33: 2000 | E33: 0 | G33: G | I33: 1200 | J33: 1340
B34: 桃瀬藍莉 | C34: 2000 | E34: 0 | G34: G | I34: 1200 | J34: 1440
B35: じょあん | C35: 2000 | E35: 0 | G35: G | I35: 1200 | J35: 1300
B36: アイ | C36: 2000 | E36: 0 | G36: K | I36: 980
B37: マリカ | C37: 2000 | E37: 0 | G37: K | I37: 580
B38: MIHO | C38: 1700 | E38: 0 | G38: K | I38: 960
B39: RINA | C39: 2800 | E39: 0 | G39: K | I39: 1240
B40: ももか | C40: 2000 | E40: 0 | G40: K | I40: 780
B41: ことね | C41: 2000 | E41: 0 | G41: K | I41: 660
B42: はるか | C42: 2000 | E42: 0 | G42: K | I42: 1100
B43: リセ | C43: 2000 | E43: 0 | G43: K | I43: 1140
B44: まや | C44: 2000 | E44: 0 | G44: K | I44: 1340
B45: CHIKAKO | C45: 2000 | E45: 0 | G45: Gi
B46: AYAKO | C46: 2000 | E46: 0 | G46: Gi
B47: hinaco | E47: 0 | G47: Gi
B48: MAHO | C48: 2000 | E48: 0 | G48: Gi
B49: 4NIKA | C49: 2000 | E49: 0 | G49: Gi
B50: カンナ | C50: 2000 | E50: 0 | G50: Gi
B51: MAO | C51: 1700 | E51: 0 | G51: Gi | I51: 1300
B52: MAYA | C52: 2000 | E52: 0 | G52: Gi
B53: すず | C53: 1500 | E53: 0 | G53: Gi
B54: MANAMI | C54: 2000 | E54: 0 | G54: Gi
B55: CHAN | C55: 1500 | E55: 0 | G55: Gi
B56: TIKE | E56: 0 | G56: O
B57: KAITO | E57: 0 | G57: O
B58: グラマー | C58: 2000 | E58: 0 | G58: O
B59: 神咲みのり | C59: 1250 | G59: O
B64: MIYU | C64: 2000 | E64: 0 | G64: Gi
B65: ゆゆ | G65: O
B66: ジェリ | E66: 0 | G66: O | I66: 1200
B67: 柚月千春 | C67: 1500 | D67: 1500 | E67: 0 | G67: G
B68: 清水おと | C68: 1250 | D68: 1500 | E68: 0 | G68: S | I68: 1240
B69: モエ | C69: 1500 | D69: 1500 | E69: 0 | G69: A
B70: 茅野サラ | G70: B
B71: ユイ | G71: N | I71: 1200
B72: ツバキ | G72: N | I72: 1200
B73: ナツミ | G73: N | I73: 1200
B74: ナル | G74: N | I74: 1200
B75: トア | G75: N | I75: 1200
B76: チー | G76: N | I76: 1200
B77: ユイナ | G77: N | I77: 1200
B78: 外部アリス | E78: 0 | G78: K | I78: 1240
B79: 外部りな | E79: 0 | G79: K | I79: 660
B80: 凛華 | E80: 0 | G80: K | I80: 1220
B81: リオ | G81: K | I81: 1300
B82: セレナ | G82: K | I82: 1200
B83: ミイ | G83: K | I83: 1200
B84: キョン | G84: K | I84: 1200
B85: MOE | G85: K | I85: 1200
B86: YUKA
B87: TIAKI | G87: P
B88: ERINA | G88: P
B89: りみ | G89: P
B90: LUNN | G90: Gi | I90: 1340
B91: リオ | G91: K | I91: 1300
B92: セレナ | G92: K | I92: 1200
B93: ミイ | G93: K | I93: 1200
B94: キョン | G94: K | I94: 1200
B95: MOE | G95: K | I95: 1200
B96: AKIRA
B97: しん
B98: 颯
B99: RUNA | G99: Gi
B100: MINAMI | C100: 2000 | E100: 0 | G100: Gi
B101: 夏目ありす | E101: 0 | G101: O | I101: 1340
B102: 奈穂 | E102: 0 | G102: O | I102: 2080
B103: KANO | E103: 0 | G103: Gi | I103: 1680

Sheet 採点表
A1: 1 | C1: 2 | D1: 3 | E1: 4 | F1: 5 | G1: 6 | H1: 7 | I1: 8 | J1: 9 | K1: 10 | L1: 11 | M1: 12 | N1: 13 | O1: 14 | P1: 15 | Q1: 16 | R1: 17 | S1: 18 | T1: 19 | U1: 16 | V1: 17 | W1: 18 | X1: 19 | Y1: 20 | Z1: 21 | AA1: 22 | AB1: 23 | AC1: 24 | AD1: 25 | AE1: 26 | AF1: 27 | AG1: 28 | AH1: 29 | AI1: 30 | AJ1: 31 | AK1: 32 | AL1: 33 | AM1: 34 | AN1: 35 | AO1: 37 | AP1: 36 | AQ1: 38 | AR1: 39 | AS1: 40 | AT1: 41 | AU1: 42 | AV1: 43 | AW1: 44 | AX1: 45 | AY1: 46 | AZ1: 47 | BA1: 48 | BB1: 49 | BC1: 50 | BD1: 51 | BE1: 52 | BF1: 53 | BG1: 54 | BH1: 55 | BI1: 56 | BJ1: 57 | BK1: 58 | BL1: 59 | BM1: 60 | BN1: 61 | BO1: 62 | BP1: 63 | BQ1: 64 | BR1: 65 | BS1: 66 | BT1: 67 | BU1: 68 | BV1: 69 | BW1: 70 | BX1: 71 | BY1: 72 | BZ1: 73 | CA1: 74 | CB1: 75 | CC1: 76
B2: 総合点 | C2: MTG | G2: シフト | N2: 店舗評価 | U2: ルール順守 | W2: 店舗NG | Y2: メンバーNG | AC2: レッスン | AM2: スキル | AN2: 社員評価 | AO2: 体型管理 | AR2: Instagram | AX2: Instagram | BD2: Instagram | BJ2: IG | BK2: TikTok | BQ2: TikTok | BW2: TikTok | CC2: TT | CD2: 5~7月評価
C3: 2月 | D3: 3月 | E3: 4月 | G3: 2月 | I3: 3月 | K3: 4月 | N3: 2月 | P3: 3月 | R3: 4月 | AC3: 2月 | AF3: 3月 | AI3: 4月 | AM3: 100 | AN3: 60 | AR3: 2月 | AX3: 3月 | BD3: 4月 | BJ3: 総合 | BK3: 2月 | BQ3: 3月 | BW3: 4月 | CC3: 総合 | CF3: NAME | CH3: 次回時給 | CJ3: 総得点 | CN3: ランキング
F4: 点 | G4: ○ | H4: △ | I4: ○ | J4: △ | K4: ○ | L4: △ | M4: 点 | N4: + | O4: - | P4: + | Q4: - | R4: + | S4: - | T4: 点 | U4: 減点 | V4: 点 | X4: 点 | Y4: 出 | Z4: 点数 | AA4: 受 | AB4: 点 | AC4: 外部 | AD4: 社内 | AE4: MCDS | AF4: 外部 | AG4: 社内 | AH4: MCDS | AI4: 外部 | AJ4: 社内 | AK4: MCDS | AL4: 点 | AM4: 点 | AN4: 点 | AO4: BMI | AP4: FAT | AQ4: 点 | AR4: Follower | AS4: 判定 | AT4: P | AU4: M | AV4: S | AX4: Follower | AY4: 判定 | AZ4: P | BA4: M | BB4: S | BD4: Follower | BE4: 判定 | BF4: P | BG4: M | BH4: S | BJ4: 点 | BK4: Follower | BL4: 判定 | BM4: P | BN4: M | BO4: S | BQ4: Follower | BR4: 判定 | BS4: P | BT4: M | BU4: S | BW4: Follower | BX4: 判定 | BY4: P | BZ4: M | CA4: S | CC4: 点 | CF4: 木戸つかさ | CH4: =vlookup($CF$4,$A$5:$CD$49,82,false) -> ¥1,000 | CJ4: =vlookup($CF$4,$A$5:$CD$49,2,false) -> 115
A5: 斉藤愛乃 | B5: =IF($A5="","",SUM(F5,M5,T5,V5,X5,Z5,AB5,AL5,AM5,AN5,AQ5,BJ5,CC5)) -> 238.9 | F5: =if(C5="○",30,if(C5="△",15,0))+if(D5="○",30,if(D5="△",15,0))+if(E5="○",30,if(E5="△",15,0)) -> 0 | M5: =IF($A5="","",((G5+I5+K5)*1)+((H5+J5+L5)*0.5)) -> 0 | T5: =IF($A5="","",(N5*10+P5*10+R5*10)+(O5*-10+Q5*-10+S5*-10)) -> 0 | V5: =IF($A5="","",(50-U5)) -> 50 | X5: =IF($A5="","",(W5*-50)) -> 0 | Z5: =if(Y5="",0,if(Y5="0",0,if(Y5="1",0,if(Y5>3,(Y5-2)*-20,0)))) -> 0 | AB5: =IF($A5="","",if(AA5<5,0,-50)) -> 0 | AL5: =IF($A5="","",(AC5*3+AD5*2+AE5*2)+(AF5*3+AG5*2+AH5*2)+(AI5*3+AJ5*2+AK5*2)) -> 0 | AO5: 18.6 | AP5: 20.9 | AQ5: =IF($A5="","",if(or(25>=AP5,20>=AO5),30,0)) -> 30 | AR5: 17000 | AS5: =if(AR5>=20000,"SS",if(AR5>=15000,"S",if(AR5>=10000,"A",if(AR5>=9000,"B",if(AR5>=8000,"C",if(AR5>=7000,"D",if(AR5>=5000,"E",if(AR5>=3000,"F","Z")))))))) -> S | AT5: 12 | AU5: 1 | AV5: 20 | AW5: =if(AS5="S",AT5*2.3+AU5*3.3+AV5*1,if(AS5="A",AT5*2+AU5*3+AV5*1,if(AS5="B",AT5*1.6+AU5*2.6+AV5*1,if(AS5="C",AT5*1.4+AU5*2.4+AV5*1,if(AS5="D",AT5*1.2+AU5*2.2+AV5*1,if(AS5="E",AT5*1+AU5*2+AV5*1,if(AS5="F",AT5*0.8+AU5*1.7+AV5*1,AT5*0.5+AU5*1.5+AV5*1))))))) -> 50.9 | AX5: 17000 | AY5: =if(AX5>=20000,"SS",if(AX5>=15000,"S",if(AX5>=10000,"A",if(AX5>=9000,"B",if(AX5>=8000,"C",if(AX5>=7000,"D",if(AX5>=5000,"E",if(AX5>=3000,"F","Z")))))))) -> S | AZ5: 10 | BA5: 4 | BB5: 24 | BC5: =if(AY5="S",AZ5*2.3+BA5*3.3+BB5*1,if(AY5="A",AZ5*2+BA5*3+BB5*1,if(AY5="B",AZ5*1.6+BA5*2.6+BB5*1,if(AY5="C",AZ5*1.4+BA5*2.4+BB5*1,if(AY5="D",AZ5*1.2+BA5*2.2+BB5*1,if(AY5="E",AZ5*1+BA5*2+BB5*1,if(AY5="F",AZ5*0.8+BA5*1.7+BB5*1,AZ5*0.5+BA5*1.5+BB5*1))))))) -> 60.2 | BD5: 17000 | BE5: =if(BD5>=20000,"SS",if(BD5>=15000,"S",if(BD5>=10000,"A",if(BD5>=9000,"B",if(BD5>=8000,"C",if(BD5>=7000,"D",if(BD5>=5000,"E",if(BD5>=3000,"F","Z")))))))) -> S | BI5: =if(BE5="S",BF5*2.3+BG5*3.3+BH5*1,if(BE5="A",BF5*2+BG5*3+BH5*1,if(BE5="B",BF5*1.6+BG5*2.6+BH5*1,if(BE5="C",BF5*1.4+BG5*2.4+BH5*1,if(BE5="D",BF5*1.2+BG5*2.2+BH5*1,if(BE5="E",BF5*1+BG5*2+BH5*1,if(BE5="F",BF5*0.8+BG5*1.7+BH5*1,BF5*0.5+BG5*1.5+BH5*1))))))) -> 0 | BJ5: =AW5+BC5+BI5 -> 111.1 | BK5: 4392 | BL5: =if(BK5>=20000,"SS",if(BK5>=15000,"S",if(BK5>=10000,"A",if(BK5>=9000,"B",if(BK5>=8000,"C",if(BK5>=7000,"D",if(BK5>=5000,"E",if(BK5>=3000,"F","Z")))))))) -> F | BM5: 0 | BN5: 1 | BO5: 20 | BP5: =if(BL5="S",BM5*2.3+BN5*3.3+BO5*1,if(BL5="A",BM5*2+BN5*3+BO5*1,if(BL5="B",BM5*1.6+BN5*2.6+BO5*1,if(BL5="C",BM5*1.4+BN5*2.4+BO5*1,if(BL5="D",BM5*1.2+BN5*2.2+BO5*1,if(BL5="E",BM5*1+BN5*2+BO5*1,if(BL5="F",BM5*0.8+BN5*1.7+BO5*1,BM5*0.5+BN5*1.5+BO5*1))))))) -> 21.7 | BQ5: 4397 | BR5: =if(BQ5>=20000,"SS",if(BQ5>=15000,"S",if(BQ5>=10000,"A",if(BQ5>=9000,"B",if(BQ5>=8000,"C",if(BQ5>=7000,"D",if(BQ5>=5000,"E",if(BQ5>=3000,"F","Z")))))))) -> F | BS5: 0 | BT5: 3 | BU5: 21 | BV5: =if(BR5="S",BS5*2.3+BT5*3.3+BU5*1,if(BR5="A",BS5*2+BT5*3+BU5*1,if(BR5="B",BS5*1.6+BT5*2.6+BU5*1,if(BR5="C",BS5*1.4+BT5*2.4+BU5*1,if(BR5="D",BS5*1.2+BT5*2.2+BU5*1,if(BR5="E",BS5*1+BT5*2+BU5*1,if(BR5="F",BS5*0.8+BT5*1.7+BU5*1,BS5*0.5+BT5*1.5+BU5*1))))))) -> 26.1 | BW5: 4404 | BX5: =if(BW5>=20000,"SS",if(BW5>=15000,"S",if(BW5>=10000,"A",if(BW5>=9000,"B",if(BW5>=8000,"C",if(BW5>=7000,"D",if(BW5>=5000,"E",if(BW5>=3000,"F","Z")))))))) -> F | CB5: =if(BX5="S",BY5*2.3+BZ5*3.3+CA5*1,if(BX5="A",BY5*2+BZ5*3+CA5*1,if(BX5="B",BY5*1.6+BZ5*2.6+CA5*1,if(BX5="C",BY5*1.4+BZ5*2.4+CA5*1,if(BX5="D",BY5*1.2+BZ5*2.2+CA5*1,if(BX5="E",BY5*1+BZ5*2+CA5*1,if(BX5="F",BY5*0.8+BZ5*1.7+CA5*1,BY5*0.5+BZ5*1.5+CA5*1))))))) -> 0 | CC5: =BP5+BV5+CB5 -> 47.8 | CD5: =if(B5>=650,"¥1,800",if(B5>=600,"¥1,700",if(B5>=550,"¥1,600",if(B5>=400,"¥1,500",if(B5>=200,"¥1,250","¥1,000"))))) -> ¥1,250 | CN5: 1 | CO5: {=SORT(A5:B42,2,FALSE)} -> セリカ | CP5: 368 | CR5: 650- | CS5: 1800
A6: 伊藤悠亜 | B6: =IF($A6="","",SUM(F6,M6,T6,V6,X6,Z6,AB6,AL6,AM6,AN6,AQ6,BJ6,CC6)) -> 148.5 | F6: =if(C6="○",30,if(C6="△",15,0))+if(D6="○",30,if(D6="△",15,0))+if(E6="○",30,if(E6="△",15,0)) -> 0 | M6: =IF($A6="","",((G6+I6+K6)*1)+((H6+J6+L6)*0.5)) -> 0 | T6: =IF($A6="","",(N6*10+P6*10+R6*10)+(O6*-10+Q6*-10+S6*-10)) -> 0 | V6: =IF($A6="","",(50-U6)) -> 50 | X6: =IF($A6="","",(W6*-50)) -> 0 | Z6: =if(Y6="",0,if(Y6="0",0,if(Y6="1",0,if(Y6>3,(Y6-2)*-20,0)))) -> 0 | AB6: =IF($A6="","",if(AA6<5,0,-50)) -> 0 | AL6: =IF($A6="","",(AC6*3+AD6*2+AE6*2)+(AF6*3+AG6*2+AH6*2)+(AI6*3+AJ6*2+AK6*2)) -> 0 | AO6: 18 | AP6: 20.3 | AQ6: =IF($A6="","",if(or(25>=AP6,20>=AO6),30,0)) -> 30 | AR6: 6497 | AS6: =if(AR6>=20000,"SS",if(AR6>=15000,"S",if(AR6>=10000,"A",if(AR6>=9000,"B",if(AR6>=8000,"C",if(AR6>=7000,"D",if(AR6>=5000,"E",if(AR6>=3000,"F","Z")))))))) -> E | AT6: 0 | AU6: 0 | AV6: 17 | AW6: =if(AS6="S",AT6*2.3+AU6*3.3+AV6*1,if(AS6="A",AT6*2+AU6*3+AV6*1,if(AS6="B",AT6*1.6+AU6*2.6+AV6*1,if(AS6="C",AT6*1.4+AU6*2.4+AV6*1,if(AS6="D",AT6*1.2+AU6*2.2+AV6*1,if(AS6="E",AT6*1+AU6*2+AV6*1,if(AS6="F",AT6*0.8+AU6*1.7+AV6*1,AT6*0.5+AU6*1.5+AV6*1))))))) -> 17 | AX6: 6468 | AY6: =if(AX6>=20000,"SS",if(AX6>=15000,"S",if(AX6>=10000,"A",if(AX6>=9000,"B",if(AX6>=8000,"C",if(AX6>=7000,"D",if(AX6>=5000,"E",if(AX6>=3000,"F","Z")))))))) -> E | AZ6: 1 | BA6: 1 | BB6: 16 | BC6: =if(AY6="S",AZ6*2.3+BA6*3.3+BB6*1,if(AY6="A",AZ6*2+BA6*3+BB6*1,if(AY6="B",AZ6*1.6+BA6*2.6+BB6*1,if(AY6="C",AZ6*1.4+BA6*2.4+BB6*1,if(AY6="D",AZ6*1.2+BA6*2.2+BB6*1,if(AY6="E",AZ6*1+BA6*2+BB6*1,if(AY6="F",AZ6*0.8+BA6*1.7+BB6*1,AZ6*0.5+BA6*1.5+BB6*1))))))) -> 19 | BD6: 6445 | BE6: =if(BD6>=20000,"SS",if(BD6>=15000,"S",if(BD6>=10000,"A",if(BD6>=9000,"B",if(BD6>=8000,"C",if(BD6>=7000,"D",if(BD6>=5000,"E",if(BD6>=3000,"F","Z")))))))) -> E | BI6: =if(BE6="S",BF6*2.3+BG6*3.3+BH6*1,if(BE6="A",BF6*2+BG6*3+BH6*1,if(BE6="B",BF6*1.6+BG6*2.6+BH6*1,if(BE6="C",BF6*1.4+BG6*2.4+BH6*1,if(BE6="D",BF6*1.2+BG6*2.2+BH6*1,if(BE6="E",BF6*1+BG6*2+BH6*1,if(BE6="F",BF6*0.8+BG6*1.7+BH6*1,BF6*0.5+BG6*1.5+BH6*1))))))) -> 0 | BJ6: =AW6+BC6+BI6 -> 36 | BK6: 944 | BL6: =if(BK6>=20000,"SS",if(BK6>=15000,"S",if(BK6>=10000,"A",if(BK6>=9000,"B",if(BK6>=8000,"C",if(BK6>=7000,"D",if(BK6>=5000,"E",if(BK6>=3000,"F","Z")))))))) -> Z | BM6: 0 | BN6: 1 | BO6: 14 | BP6: =if(BL6="S",BM6*2.3+BN6*3.3+BO6*1,if(BL6="A",BM6*2+BN6*3+BO6*1,if(BL6="B",BM6*1.6+BN6*2.6+BO6*1,if(BL6="C",BM6*1.4+BN6*2.4+BO6*1,if(BL6="D",BM6*1.2+BN6*2.2+BO6*1,if(BL6="E",BM6*1+BN6*2+BO6*1,if(BL6="F",BM6*0.8+BN6*1.7+BO6*1,BM6*0.5+BN6*1.5+BO6*1))))))) -> 15.5 | BQ6: 955 | BR6: =if(BQ6>=20000,"SS",if(BQ6>=15000,"S",if(BQ6>=10000,"A",if(BQ6>=9000,"B",if(BQ6>=8000,"C",if(BQ6>=7000,"D",if(BQ6>=5000,"E",if(BQ6>=3000,"F","Z")))))))) -> Z | BS6: 0 | BT6: 2 | BU6: 14 | BV6: =if(BR6="S",BS6*2.3+BT6*3.3+BU6*1,if(BR6="A",BS6*2+BT6*3+BU6*1,if(BR6="B",BS6*1.6+BT6*2.6+BU6*1,if(BR6="C",BS6*1.4+BT6*2.4+BU6*1,if(BR6="D",BS6*1.2+BT6*2.2+BU6*1,if(BR6="E",BS6*1+BT6*2+BU6*1,if(BR6="F",BS6*0.8+BT6*1.7+BU6*1,BS6*0.5+BT6*1.5+BU6*1))))))) -> 17 | BW6: 974 | BX6: =if(BW6>=20000,"SS",if(BW6>=15000,"S",if(BW6>=10000,"A",if(BW6>=9000,"B",if(BW6>=8000,"C",if(BW6>=7000,"D",if(BW6>=5000,"E",if(BW6>=3000,"F","Z")))))))) -> Z | CB6: =if(BX6="S",BY6*2.3+BZ6*3.3+CA6*1,if(BX6="A",BY6*2+BZ6*3+CA6*1,if(BX6="B",BY6*1.6+BZ6*2.6+CA6*1,if(BX6="C",BY6*1.4+BZ6*2.4+CA6*1,if(BX6="D",BY6*1.2+BZ6*2.2+CA6*1,if(BX6="E",BY6*1+BZ6*2+CA6*1,if(BX6="F",BY6*0.8+BZ6*1.7+CA6*1,BY6*0.5+BZ6*1.5+CA6*1))))))) -> 0 | CC6: =BP6+BV6+CB6 -> 32.5 | CD6: =if(B6>=650,"¥1,800",if(B6>=600,"¥1,700",if(B6>=550,"¥1,600",if(B6>=400,"¥1,500",if(B6>=200,"¥1,250","¥1,000"))))) -> ¥1,000 | CF6: MTG | CH6: 参加 | CI6: リモート | CJ6: 不参加 | CK6: 得点 | CN6: 2 | CO6: 松尾奈美 | CP6: 268.7 | CR6: 600-649 | CS6: 1700
A7: 佐藤ほの | B7: =IF($A7="","",SUM(F7,M7,T7,V7,X7,Z7,AB7,AL7,AM7,AN7,AQ7,BJ7,CC7)) -> 188.4 | F7: =if(C7="○",30,if(C7="△",15,0))+if(D7="○",30,if(D7="△",15,0))+if(E7="○",30,if(E7="△",15,0)) -> 0 | M7: =IF($A7="","",((G7+I7+K7)*1)+((H7+J7+L7)*0.5)) -> 0 | T7: =IF($A7="","",(N7*10+P7*10+R7*10)+(O7*-10+Q7*-10+S7*-10)) -> 0 | V7: =IF($A7="","",(50-U7)) -> 50 | X7: =IF($A7="","",(W7*-50)) -> 0 | Z7: =if(Y7="",0,if(Y7="0",0,if(Y7="1",0,if(Y7>3,(Y7-2)*-20,0)))) -> 0 | AB7: =IF($A7="","",if(AA7<5,0,-50)) -> 0 | AL7: =IF($A7="","",(AC7*3+AD7*2+AE7*2)+(AF7*3+AG7*2+AH7*2)+(AI7*3+AJ7*2+AK7*2)) -> 0 | AO7: 20.7 | AP7: 23.1 | AQ7: =IF($A7="","",if(or(25>=AP7,20>=AO7),30,0)) -> 30 | AR7: 4878 | AS7: =if(AR7>=20000,"SS",if(AR7>=15000,"S",if(AR7>=10000,"A",if(AR7>=9000,"B",if(AR7>=8000,"C",if(AR7>=7000,"D",if(AR7>=5000,"E",if(AR7>=3000,"F","Z")))))))) -> F | AT7: 4 | AU7: 0 | AV7: 28 | AW7: =if(AS7="S",AT7*2.3+AU7*3.3+AV7*1,if(AS7="A",AT7*2+AU7*3+AV7*1,if(AS7="B",AT7*1.6+AU7*2.6+AV7*1,if(AS7="C",AT7*1.4+AU7*2.4+AV7*1,if(AS7="D",AT7*1.2+AU7*2.2+AV7*1,if(AS7="E",AT7*1+AU7*2+AV7*1,if(AS7="F",AT7*0.8+AU7*1.7+AV7*1,AT7*0.5+AU7*1.5+AV7*1))))))) -> 31.2 | AX7: 4887 | AY7: =if(AX7>=20000,"SS",if(AX7>=15000,"S",if(AX7>=10000,"A",if(AX7>=9000,"B",if(AX7>=8000,"C",if(AX7>=7000,"D",if(AX7>=5000,"E",if(AX7>=3000,"F","Z")))))))) -> F | AZ7: 6 | BA7: 2 | BB7: 28 | BC7: =if(AY7="S",AZ7*2.3+BA7*3.3+BB7*1,if(AY7="A",AZ7*2+BA7*3+BB7*1,if(AY7="B",AZ7*1.6+BA7*2.6+BB7*1,if(AY7="C",AZ7*1.4+BA7*2.4+BB7*1,if(AY7="D",AZ7*1.2+BA7*2.2+BB7*1,if(AY7="E",AZ7*1+BA7*2+BB7*1,if(AY7="F",AZ7*0.8+BA7*1.7+BB7*1,AZ7*0.5+BA7*1.5+BB7*1))))))) -> 36.2 | BD7: 4908 | BE7: =if(BD7>=20000,"SS",if(BD7>=15000,"S",if(BD7>=10000,"A",if(BD7>=9000,"B",if(BD7>=8000,"C",if(BD7>=7000,"D",if(BD7>=5000,"E",if(BD7>=3000,"F","Z")))))))) -> F | BI7: =if(BE7="S",BF7*2.3+BG7*3.3+BH7*1,if(BE7="A",BF7*2+BG7*3+BH7*1,if(BE7="B",BF7*1.6+BG7*2.6+BH7*1,if(BE7="C",BF7*1.4+BG7*2.4+BH7*1,if(BE7="D",BF7*1.2+BG7*2.2+BH7*1,if(BE7="E",BF7*1+BG7*2+BH7*1,if(BE7="F",BF7*0.8+BG7*1.7+BH7*1,BF7*0.5+BG7*1.5+BH7*1))))))) -> 0 | BJ7: =AW7+BC7+BI7 -> 67.4 | BK7: 4896 | BL7: =if(BK7>=20000,"SS",if(BK7>=15000,"S",if(BK7>=10000,"A",if(BK7>=9000,"B",if(BK7>=8000,"C",if(BK7>=7000,"D",if(BK7>=5000,"E",if(BK7>=3000,"F","Z")))))))) -> F | BM7: 0 | BN7: 0 | BO7: 13 | BP7: =if(BL7="S",BM7*2.3+BN7*3.3+BO7*1,if(BL7="A",BM7*2+BN7*3+BO7*1,if(BL7="B",BM7*1.6+BN7*2.6+BO7*1,if(BL7="C",BM7*1.4+BN7*2.4+BO7*1,if(BL7="D",BM7*1.2+BN7*2.2+BO7*1,if(BL7="E",BM7*1+BN7*2+BO7*1,if(BL7="F",BM7*0.8+BN7*1.7+BO7*1,BM7*0.5+BN7*1.5+BO7*1))))))) -> 13 | BQ7: 4930 | BR7: =if(BQ7>=20000,"SS",if(BQ7>=15000,"S",if(BQ7>=10000,"A",if(BQ7>=9000,"B",if(BQ7>=8000,"C",if(BQ7>=7000,"D",if(BQ7>=5000,"E",if(BQ7>=3000,"F","Z")))))))) -> F | BS7: 1 | BT7: 6 | BU7: 17 | BV7: =if(BR7="S",BS7*2.3+BT7*3.3+BU7*1,if(BR7="A",BS7*2+BT7*3+BU7*1,if(BR7="B",BS7*1.6+BT7*2.6+BU7*1,if(BR7="C",BS7*1.4+BT7*2.4+BU7*1,if(BR7="D",BS7*1.2+BT7*2.2+BU7*1,if(BR7="E",BS7*1+BT7*2+BU7*1,if(BR7="F",BS7*0.8+BT7*1.7+BU7*1,BS7*0.5+BT7*1.5+BU7*1))))))) -> 28 | BW7: 4961 | BX7: =if(BW7>=20000,"SS",if(BW7>=15000,"S",if(BW7>=10000,"A",if(BW7>=9000,"B",if(BW7>=8000,"C",if(BW7>=7000,"D",if(BW7>=5000,"E",if(BW7>=3000,"F","Z")))))))) -> F | CB7: =if(BX7="S",BY7*2.3+BZ7*3.3+CA7*1,if(BX7="A",BY7*2+BZ7*3+CA7*1,if(BX7="B",BY7*1.6+BZ7*2.6+CA7*1,if(BX7="C",BY7*1.4+BZ7*2.4+CA7*1,if(BX7="D",BY7*1.2+BZ7*2.2+CA7*1,if(BX7="E",BY7*1+BZ7*2+CA7*1,if(BX7="F",BY7*0.8+BZ7*1.7+CA7*1,BY7*0.5+BZ7*1.5+CA7*1))))))) -> 0 | CC7: =BP7+BV7+CB7 -> 41 | CD7: =if(B7>=650,"¥1,800",if(B7>=600,"¥1,700",if(B7>=550,"¥1,600",if(B7>=400,"¥1,500",if(B7>=200,"¥1,250","¥1,000"))))) -> ¥1,000 | CG7: 11月 | CH7: =if(CM7="○","○","") | CI7: =if(CM7="△","○","") | CJ7: =if(CM7="×","○","") | CK7: =if(CM7="○",30,if(CM7="△",15,0)) -> 0 | CM7: =vlookup($CF$4,$A$5:$CD$49,3,false) | CN7: 3 | CO7: 星野もも | CP7: 240 | CR7: 550-599 | CS7: 1600
A8: 星野もも | B8: =IF($A8="","",SUM(F8,M8,T8,V8,X8,Z8,AB8,AL8,AM8,AN8,AQ8,BJ8,CC8)) -> 240 | F8: =if(C8="○",30,if(C8="△",15,0))+if(D8="○",30,if(D8="△",15,0))+if(E8="○",30,if(E8="△",15,0)) -> 0 | M8: =IF($A8="","",((G8+I8+K8)*1)+((H8+J8+L8)*0.5)) -> 0 | T8: =IF($A8="","",(N8*10+P8*10+R8*10)+(O8*-10+Q8*-10+S8*-10)) -> 0 | V8: =IF($A8="","",(50-U8)) -> 50 | X8: =IF($A8="","",(W8*-50)) -> 0 | Z8: =if(Y8="",0,if(Y8="0",0,if(Y8="1",0,if(Y8>3,(Y8-2)*-20,0)))) -> 0 | AB8: =IF($A8="","",if(AA8<5,0,-50)) -> 0 | AL8: =IF($A8="","",(AC8*3+AD8*2+AE8*2)+(AF8*3+AG8*2+AH8*2)+(AI8*3+AJ8*2+AK8*2)) -> 0 | AO8: 18.8 | AP8: 20.3 | AQ8: =IF($A8="","",if(or(25>=AP8,20>=AO8),30,0)) -> 30 | AR8: 2372 | AS8: =if(AR8>=20000,"SS",if(AR8>=15000,"S",if(AR8>=10000,"A",if(AR8>=9000,"B",if(AR8>=8000,"C",if(AR8>=7000,"D",if(AR8>=5000,"E",if(AR8>=3000,"F","Z")))))))) -> Z | AT8: 12 | AU8: 3 | AV8: 23 | AW8: =if(AS8="S",AT8*2.3+AU8*3.3+AV8*1,if(AS8="A",AT8*2+AU8*3+AV8*1,if(AS8="B",AT8*1.6+AU8*2.6+AV8*1,if(AS8="C",AT8*1.4+AU8*2.4+AV8*1,if(AS8="D",AT8*1.2+AU8*2.2+AV8*1,if(AS8="E",AT8*1+AU8*2+AV8*1,if(AS8="F",AT8*0.8+AU8*1.7+AV8*1,AT8*0.5+AU8*1.5+AV8*1))))))) -> 33.5 | AX8: 2506 | AY8: =if(AX8>=20000,"SS",if(AX8>=15000,"S",if(AX8>=10000,"A",if(AX8>=9000,"B",if(AX8>=8000,"C",if(AX8>=7000,"D",if(AX8>=5000,"E",if(AX8>=3000,"F","Z")))))))) -> Z | AZ8: 11 | BA8: 1 | BB8: 30 | BC8: =if(AY8="S",AZ8*2.3+BA8*3.3+BB8*1,if(AY8="A",AZ8*2+BA8*3+BB8*1,if(AY8="B",AZ8*1.6+BA8*2.6+BB8*1,if(AY8="C",AZ8*1.4+BA8*2.4+BB8*1,if(AY8="D",AZ8*1.2+BA8*2.2+BB8*1,if(AY8="E",AZ8*1+BA8*2+BB8*1,if(AY8="F",AZ8*0.8+BA8*1.7+BB8*1,AZ8*0.5+BA8*1.5+BB8*1))))))) -> 37 | BD8: 2633 | BE8: =if(BD8>=20000,"SS",if(BD8>=15000,"S",if(BD8>=10000,"A",if(BD8>=9000,"B",if(BD8>=8000,"C",if(BD8>=7000,"D",if(BD8>=5000,"E",if(BD8>=3000,"F","Z")))))))) -> Z | BI8: =if(BE8="S",BF8*2.3+BG8*3.3+BH8*1,if(BE8="A",BF8*2+BG8*3+BH8*1,if(BE8="B",BF8*1.6+BG8*2.6+BH8*1,if(BE8="C",BF8*1.4+BG8*2.4+BH8*1,if(BE8="D",BF8*1.2+BG8*2.2+BH8*1,if(BE8="E",BF8*1+BG8*2+BH8*1,if(BE8="F",BF8*0.8+BG8*1.7+BH8*1,BF8*0.5+BG8*1.5+BH8*1))))))) -> 0 | BJ8: =AW8+BC8+BI8 -> 70.5 | BK8: 790 | BL8: =if(BK8>=20000,"SS",if(BK8>=15000,"S",if(BK8>=10000,"A",if(BK8>=9000,"B",if(BK8>=8000,"C",if(BK8>=7000,"D",if(BK8>=5000,"E",if(BK8>=3000,"F","Z")))))))) -> Z | BM8: 1 | BN8: 12 | BO8: 20 | BP8: =if(BL8="S",BM8*2.3+BN8*3.3+BO8*1,if(BL8="A",BM8*2+BN8*3+BO8*1,if(BL8="B",BM8*1.6+BN8*2.6+BO8*1,if(BL8="C",BM8*1.4+BN8*2.4+BO8*1,if(BL8="D",BM8*1.2+BN8*2.2+BO8*1,if(BL8="E",BM8*1+BN8*2+BO8*1,if(BL8="F",BM8*0.8+BN8*1.7+BO8*1,BM8*0.5+BN8*1.5+BO8*1))))))) -> 38.5 | BQ8: 1044 | BR8: =if(BQ8>=20000,"SS",if(BQ8>=15000,"S",if(BQ8>=10000,"A",if(BQ8>=9000,"B",if(BQ8>=8000,"C",if(BQ8>=7000,"D",if(BQ8>=5000,"E",if(BQ8>=3000,"F","Z")))))))) -> Z | BS8: 0 | BT8: 18 | BU8: 24 | BV8: =if(BR8="S",BS8*2.3+BT8*3.3+BU8*1,if(BR8="A",BS8*2+BT8*3+BU8*1,if(BR8="B",BS8*1.6+BT8*2.6+BU8*1,if(BR8="C",BS8*1.4+BT8*2.4+BU8*1,if(BR8="D",BS8*1.2+BT8*2.2+BU8*1,if(BR8="E",BS8*1+BT8*2+BU8*1,if(BR8="F",BS8*0.8+BT8*1.7+BU8*1,BS8*0.5+BT8*1.5+BU8*1))))))) -> 51 | BW8: 3664 | BX8: =if(BW8>=20000,"SS",if(BW8>=15000,"S",if(BW8>=10000,"A",if(BW8>=9000,"B",if(BW8>=8000,"C",if(BW8>=7000,"D",if(BW8>=5000,"E",if(BW8>=3000,"F","Z")))))))) -> F | CB8: =if(BX8="S",BY8*2.3+BZ8*3.3+CA8*1,if(BX8="A",BY8*2+BZ8*3+CA8*1,if(BX8="B",BY8*1.6+BZ8*2.6+CA8*1,if(BX8="C",BY8*1.4+BZ8*2.4+CA8*1,if(BX8="D",BY8*1.2+BZ8*2.2+CA8*1,if(BX8="E",BY8*1+BZ8*2+CA8*1,if(BX8="F",BY8*0.8+BZ8*1.7+CA8*1,BY8*0.5+BZ8*1.5+CA8*1))))))) -> 0 | CC8: =BP8+BV8+CB8 -> 89.5 | CD8: =if(B8>=650,"¥1,800",if(B8>=600,"¥1,700",if(B8>=550,"¥1,600",if(B8>=400,"¥1,500",if(B8>=200,"¥1,250","¥1,000"))))) -> ¥1,250 | CG8: 12月 | CH8: =if(CM8="○","○","") | CI8: =if(CM8="△","○","") | CJ8: =if(CM8="×","○","") | CK8: =if(CM8="○",30,if(CM8="△",15,0)) -> 0 | CM8: =vlookup($CF$4,$A$5:$CD$49,4,false) | CN8: 4 | CO8: 斉藤愛乃 | CP8: 238.9 | CR8: 400-549 | CS8: 1500
A9: セリカ | B9: =IF($A9="","",SUM(F9,M9,T9,V9,X9,Z9,AB9,AL9,AM9,AN9,AQ9,BJ9,CC9)) -> 368 | F9: =if(C9="○",30,if(C9="△",15,0))+if(D9="○",30,if(D9="△",15,0))+if(E9="○",30,if(E9="△",15,0)) -> 0 | M9: =IF($A9="","",((G9+I9+K9)*1)+((H9+J9+L9)*0.5)) -> 0 | T9: =IF($A9="","",(N9*10+P9*10+R9*10)+(O9*-10+Q9*-10+S9*-10)) -> 0 | V9: =IF($A9="","",(50-U9)) -> 50 | X9: =IF($A9="","",(W9*-50)) -> 0 | Z9: =if(Y9="",0,if(Y9="0",0,if(Y9="1",0,if(Y9>3,(Y9-2)*-20,0)))) -> 0 | AB9: =IF($A9="","",if(AA9<5,0,-50)) -> 0 | AL9: =IF($A9="","",(AC9*3+AD9*2+AE9*2)+(AF9*3+AG9*2+AH9*2)+(AI9*3+AJ9*2+AK9*2)) -> 0 | AO9: 19.5 | AP9: 23.7 | AQ9: =IF($A9="","",if(or(25>=AP9,20>=AO9),30,0)) -> 30 | AR9: 5185 | AS9: =if(AR9>=20000,"SS",if(AR9>=15000,"S",if(AR9>=10000,"A",if(AR9>=9000,"B",if(AR9>=8000,"C",if(AR9>=7000,"D",if(AR9>=5000,"E",if(AR9>=3000,"F","Z")))))))) -> E | AT9: 22 | AU9: 13 | AV9: 24 | AW9: =if(AS9="S",AT9*2.3+AU9*3.3+AV9*1,if(AS9="A",AT9*2+AU9*3+AV9*1,if(AS9="B",AT9*1.6+AU9*2.6+AV9*1,if(AS9="C",AT9*1.4+AU9*2.4+AV9*1,if(AS9="D",AT9*1.2+AU9*2.2+AV9*1,if(AS9="E",AT9*1+AU9*2+AV9*1,if(AS9="F",AT9*0.8+AU9*1.7+AV9*1,AT9*0.5+AU9*1.5+AV9*1))))))) -> 72 | AX9: 5218 | AY9: =if(AX9>=20000,"SS",if(AX9>=15000,"S",if(AX9>=10000,"A",if(AX9>=9000,"B",if(AX9>=8000,"C",if(AX9>=7000,"D",if(AX9>=5000,"E",if(AX9>=3000,"F","Z")))))))) -> E | AZ9: 30 | BA9: 25 | BB9: 31 | BC9: =if(AY9="S",AZ9*2.3+BA9*3.3+BB9*1,if(AY9="A",AZ9*2+BA9*3+BB9*1,if(AY9="B",AZ9*1.6+BA9*2.6+BB9*1,if(AY9="C",AZ9*1.4+BA9*2.4+BB9*1,if(AY9="D",AZ9*1.2+BA9*2.2+BB9*1,if(AY9="E",AZ9*1+BA9*2+BB9*1,if(AY9="F",AZ9*0.8+BA9*1.7+BB9*1,AZ9*0.5+BA9*1.5+BB9*1))))))) -> 111 | BD9: 5323 | BE9: =if(BD9>=20000,"SS",if(BD9>=15000,"S",if(BD9>=10000,"A",if(BD9>=9000,"B",if(BD9>=8000,"C",if(BD9>=7000,"D",if(BD9>=5000,"E",if(BD9>=3000,"F","Z")))))))) -> E | BI9: =if(BE9="S",BF9*2.3+BG9*3.3+BH9*1,if(BE9="A",BF9*2+BG9*3+BH9*1,if(BE9="B",BF9*1.6+BG9*2.6+BH9*1,if(BE9="C",BF9*1.4+BG9*2.4+BH9*1,if(BE9="D",BF9*1.2+BG9*2.2+BH9*1,if(BE9="E",BF9*1+BG9*2+BH9*1,if(BE9="F",BF9*0.8+BG9*1.7+BH9*1,BF9*0.5+BG9*1.5+BH9*1))))))) -> 0 | BJ9: =AW9+BC9+BI9 -> 183 | BK9: 843 | BL9: =if(BK9>=20000,"SS",if(BK9>=15000,"S",if(BK9>=10000,"A",if(BK9>=9000,"B",if(BK9>=8000,"C",if(BK9>=7000,"D",if(BK9>=5000,"E",if(BK9>=3000,"F","Z")))))))) -> Z | BM9: 0 | BN9: 12 | BO9: 22 | BP9: =if(BL9="S",BM9*2.3+BN9*3.3+BO9*1,if(BL9="A",BM9*2+BN9*3+BO9*1,if(BL9="B",BM9*1.6+BN9*2.6+BO9*1,if(BL9="C",BM9*1.4+BN9*2.4+BO9*1,if(BL9="D",BM9*1.2+BN9*2.2+BO9*1,if(BL9="E",BM9*1+BN9*2+BO9*1,if(BL9="F",BM9*0.8+BN9*1.7+BO9*1,BM9*0.5+BN9*1.5+BO9*1))))))) -> 40 | BQ9: 852 | BR9: =if(BQ9>=20000,"SS",if(BQ9>=15000,"S",if(BQ9>=10000,"A",if(BQ9>=9000,"B",if(BQ9>=8000,"C",if(BQ9>=7000,"D",if(BQ9>=5000,"E",if(BQ9>=3000,"F","Z")))))))) -> Z | BS9: 0 | BT9: 24 | BU9: 29 | BV9: =if(BR9="S",BS9*2.3+BT9*3.3+BU9*1,if(BR9="A",BS9*2+BT9*3+BU9*1,if(BR9="B",BS9*1.6+BT9*2.6+BU9*1,if(BR9="C",BS9*1.4+BT9*2.4+BU9*1,if(BR9="D",BS9*1.2+BT9*2.2+BU9*1,if(BR9="E",BS9*1+BT9*2+BU9*1,if(BR9="F",BS9*0.8+BT9*1.7+BU9*1,BS9*0.5+BT9*1.5+BU9*1))))))) -> 65 | BW9: 861 | BX9: =if(BW9>=20000,"SS",if(BW9>=15000,"S",if(BW9>=10000,"A",if(BW9>=9000,"B",if(BW9>=8000,"C",if(BW9>=7000,"D",if(BW9>=5000,"E",if(BW9>=3000,"F","Z")))))))) -> Z | CB9: =if(BX9="S",BY9*2.3+BZ9*3.3+CA9*1,if(BX9="A",BY9*2+BZ9*3+CA9*1,if(BX9="B",BY9*1.6+BZ9*2.6+CA9*1,if(BX9="C",BY9*1.4+BZ9*2.4+CA9*1,if(BX9="D",BY9*1.2+BZ9*2.2+CA9*1,if(BX9="E",BY9*1+BZ9*2+CA9*1,if(BX9="F",BY9*0.8+BZ9*1.7+CA9*1,BY9*0.5+BZ9*1.5+CA9*1))))))) -> 0 | CC9: =BP9+BV9+CB9 -> 105 | CD9: =if(B9>=650,"¥1,800",if(B9>=600,"¥1,700",if(B9>=550,"¥1,600",if(B9>=400,"¥1,500",if(B9>=200,"¥1,250","¥1,000"))))) -> ¥1,250 | CG9: 1月 | CH9: =if(CM9="○","○","") | CI9: =if(CM9="△","○","") | CJ9: =if(CM9="×","○","") | CK9: =if(CM9="○",30,if(CM9="△",15,0)) -> 0 | CM9: =vlookup($CF$4,$A$5:$CD$49,5,false) | CN9: 5 | CO9: 大島花織 | CP9: 225.7 | CR9: 200-399 | CS9: 1250
A10: ホノカ | B10: =IF($A10="","",SUM(F10,M10,T10,V10,X10,Z10,AB10,AL10,AM10,AN10,AQ10,BJ10,CC10)) -> 30 | F10: =if(C10="○",30,if(C10="△",15,0))+if(D10="○",30,if(D10="△",15,0))+if(E10="○",30,if(E10="△",15,0)) -> 0 | M10: =IF($A10="","",((G10+I10+K10)*1)+((H10+J10+L10)*0.5)) -> 0 | T10: =IF($A10="","",(N10*10+P10*10+R10*10)+(O10*-10+Q10*-10+S10*-10)) -> 0 | V10: =IF($A10="","",(50-U10)) -> 50 | W10: 1 | X10: =IF($A10="","",(W10*-50)) -> -50 | Z10: =if(Y10="",0,if(Y10="0",0,if(Y10="1",0,if(Y10>3,(Y10-2)*-20,0)))) -> 0 | AB10: =IF($A10="","",if(AA10<5,0,-50)) -> 0 | AL10: =IF($A10="","",(AC10*3+AD10*2+AE10*2)+(AF10*3+AG10*2+AH10*2)+(AI10*3+AJ10*2+AK10*2)) -> 0 | AQ10: =IF($A10="","",if(or(25>=AP10,20>=AO10),30,0)) -> 30 | AR10: 62 | AS10: =if(AR10>=20000,"SS",if(AR10>=15000,"S",if(AR10>=10000,"A",if(AR10>=9000,"B",if(AR10>=8000,"C",if(AR10>=7000,"D",if(AR10>=5000,"E",if(AR10>=3000,"F","Z")))))))) -> Z | AT10: 0 | AU10: 0 | AV10: 0 | AW10: =if(AS10="S",AT10*2.3+AU10*3.3+AV10*1,if(AS10="A",AT10*2+AU10*3+AV10*1,if(AS10="B",AT10*1.6+AU10*2.6+AV10*1,if(AS10="C",AT10*1.4+AU10*2.4+AV10*1,if(AS10="D",AT10*1.2+AU10*2.2+AV10*1,if(AS10="E",AT10*1+AU10*2+AV10*1,if(AS10="F",AT10*0.8+AU10*1.7+AV10*1,AT10*0.5+AU10*1.5+AV10*1))))))) -> 0 | AX10: 63 | AY10: =if(AX10>=20000,"SS",if(AX10>=15000,"S",if(AX10>=10000,"A",if(AX10>=9000,"B",if(AX10>=8000,"C",if(AX10>=7000,"D",if(AX10>=5000,"E",if(AX10>=3000,"F","Z")))))))) -> Z | AZ10: 0 | BA10: 0 | BB10: 0 | BC10: =if(AY10="S",AZ10*2.3+BA10*3.3+BB10*1,if(AY10="A",AZ10*2+BA10*3+BB10*1,if(AY10="B",AZ10*1.6+BA10*2.6+BB10*1,if(AY10="C",AZ10*1.4+BA10*2.4+BB10*1,if(AY10="D",AZ10*1.2+BA10*2.2+BB10*1,if(AY10="E",AZ10*1+BA10*2+BB10*1,if(AY10="F",AZ10*0.8+BA10*1.7+BB10*1,AZ10*0.5+BA10*1.5+BB10*1))))))) -> 0 | BD10: 65 | BE10: =if(BD10>=20000,"SS",if(BD10>=15000,"S",if(BD10>=10000,"A",if(BD10>=9000,"B",if(BD10>=8000,"C",if(BD10>=7000,"D",if(BD10>=5000,"E",if(BD10>=3000,"F","Z")))))))) -> Z | BI10: =if(BE10="S",BF10*2.3+BG10*3.3+BH10*1,if(BE10="A",BF10*2+BG10*3+BH10*1,if(BE10="B",BF10*1.6+BG10*2.6+BH10*1,if(BE10="C",BF10*1.4+BG10*2.4+BH10*1,if(BE10="D",BF10*1.2+BG10*2.2+BH10*1,if(BE10="E",BF10*1+BG10*2+BH10*1,if(BE10="F",BF10*0.8+BG10*1.7+BH10*1,BF10*0.5+BG10*1.5+BH10*1))))))) -> 0 | BJ10: =AW10+BC10+BI10 -> 0 | BL10: =if(BK10>=20000,"SS",if(BK10>=15000,"S",if(BK10>=10000,"A",if(BK10>=9000,"B",if(BK10>=8000,"C",if(BK10>=7000,"D",if(BK10>=5000,"E",if(BK10>=3000,"F","Z")))))))) -> Z | BP10: =if(BL10="S",BM10*2.3+BN10*3.3+BO10*1,if(BL10="A",BM10*2+BN10*3+BO10*1,if(BL10="B",BM10*1.6+BN10*2.6+BO10*1,if(BL10="C",BM10*1.4+BN10*2.4+BO10*1,if(BL10="D",BM10*1.2+BN10*2.2+BO10*1,if(BL10="E",BM10*1+BN10*2+BO10*1,if(BL10="F",BM10*0.8+BN10*1.7+BO10*1,BM10*0.5+BN10*1.5+BO10*1))))))) -> 0 | BR10: =if(BQ10>=20000,"SS",if(BQ10>=15000,"S",if(BQ10>=10000,"A",if(BQ10>=9000,"B",if(BQ10>=8000,"C",if(BQ10>=7000,"D",if(BQ10>=5000,"E",if(BQ10>=3000,"F","Z")))))))) -> Z | BV10: =if(BR10="S",BS10*2.3+BT10*3.3+BU10*1,if(BR10="A",BS10*2+BT10*3+BU10*1,if(BR10="B",BS10*1.6+BT10*2.6+BU10*1,if(BR10="C",BS10*1.4+BT10*2.4+BU10*1,if(BR10="D",BS10*1.2+BT10*2.2+BU10*1,if(BR10="E",BS10*1+BT10*2+BU10*1,if(BR10="F",BS10*0.8+BT10*1.7+BU10*1,BS10*0.5+BT10*1.5+BU10*1))))))) -> 0 | BX10: =if(BW10>=20000,"SS",if(BW10>=15000,"S",if(BW10>=10000,"A",if(BW10>=9000,"B",if(BW10>=8000,"C",if(BW10>=7000,"D",if(BW10>=5000,"E",if(BW10>=3000,"F","Z")))))))) -> Z | CB10: =if(BX10="S",BY10*2.3+BZ10*3.3+CA10*1,if(BX10="A",BY10*2+BZ10*3+CA10*1,if(BX10="B",BY10*1.6+BZ10*2.6+CA10*1,if(BX10="C",BY10*1.4+BZ10*2.4+CA10*1,if(BX10="D",BY10*1.2+BZ10*2.2+CA10*1,if(BX10="E",BY10*1+BZ10*2+CA10*1,if(BX10="F",BY10*0.8+BZ10*1.7+CA10*1,BY10*0.5+BZ10*1.5+CA10*1))))))) -> 0 | CC10: =BP10+BV10+CB10 -> 0 | CD10: =if(B10>=650,"¥1,800",if(B10>=600,"¥1,700",if(B10>=550,"¥1,600",if(B10>=400,"¥1,500",if(B10>=200,"¥1,250","¥1,000"))))) -> ¥1,000 | CF10: Shift | CH10: ○ | CI10: △ | CK10: 得点 | CN10: 6 | CO10: アスミ | CP10: 210.5 | CR10: 0-199 | CS10: 1000
A11: アスミ | B11: =IF($A11="","",SUM(F11,M11,T11,V11,X11,Z11,AB11,AL11,AM11,AN11,AQ11,BJ11,CC11)) -> 210.5 | F11: =if(C11="○",30,if(C11="△",15,0))+if(D11="○",30,if(D11="△",15,0))+if(E11="○",30,if(E11="△",15,0)) -> 0 | M11: =IF($A11="","",((G11+I11+K11)*1)+((H11+J11+L11)*0.5)) -> 0 | T11: =IF($A11="","",(N11*10+P11*10+R11*10)+(O11*-10+Q11*-10+S11*-10)) -> 0 | V11: =IF($A11="","",(50-U11)) -> 50 | X11: =IF($A11="","",(W11*-50)) -> 0 | Z11: =if(Y11="",0,if(Y11="0",0,if(Y11="1",0,if(Y11>3,(Y11-2)*-20,0)))) -> 0 | AB11: =IF($A11="","",if(AA11<5,0,-50)) -> 0 | AL11: =IF($A11="","",(AC11*3+AD11*2+AE11*2)+(AF11*3+AG11*2+AH11*2)+(AI11*3+AJ11*2+AK11*2)) -> 0 | AO11: 19.9 | AP11: 23.9 | AQ11: =IF($A11="","",if(or(25>=AP11,20>=AO11),30,0)) -> 30 | AR11: 1950 | AS11: =if(AR11>=20000,"SS",if(AR11>=15000,"S",if(AR11>=10000,"A",if(AR11>=9000,"B",if(AR11>=8000,"C",if(AR11>=7000,"D",if(AR11>=5000,"E",if(AR11>=3000,"F","Z")))))))) -> Z | AT11: 6 | AU11: 2 | AV11: 28 | AW11: =if(AS11="S",AT11*2.3+AU11*3.3+AV11*1,if(AS11="A",AT11*2+AU11*3+AV11*1,if(AS11="B",AT11*1.6+AU11*2.6+AV11*1,if(AS11="C",AT11*1.4+AU11*2.4+AV11*1,if(AS11="D",AT11*1.2+AU11*2.2+AV11*1,if(AS11="E",AT11*1+AU11*2+AV11*1,if(AS11="F",AT11*0.8+AU11*1.7+AV11*1,AT11*0.5+AU11*1.5+AV11*1))))))) -> 34 | AX11: 1975 | AY11: =if(AX11>=20000,"SS",if(AX11>=15000,"S",if(AX11>=10000,"A",if(AX11>=9000,"B",if(AX11>=8000,"C",if(AX11>=7000,"D",if(AX11>=5000,"E",if(AX11>=3000,"F","Z")))))))) -> Z | AZ11: 4 | BA11: 1 | BB11: 31 | BC11: =if(AY11="S",AZ11*2.3+BA11*3.3+BB11*1,if(AY11="A",AZ11*2+BA11*3+BB11*1,if(AY11="B",AZ11*1.6+BA11*2.6+BB11*1,if(AY11="C",AZ11*1.4+BA11*2.4+BB11*1,if(AY11="D",AZ11*1.2+BA11*2.2+BB11*1,if(AY11="E",AZ11*1+BA11*2+BB11*1,if(AY11="F",AZ11*0.8+BA11*1.7+BB11*1,AZ11*0.5+BA11*1.5+BB11*1))))))) -> 34.5 | BD11: 1993 | BE11: =if(BD11>=20000,"SS",if(BD11>=15000,"S",if(BD11>=10000,"A",if(BD11>=9000,"B",if(BD11>=8000,"C",if(BD11>=7000,"D",if(BD11>=5000,"E",if(BD11>=3000,"F","Z")))))))) -> Z | BI11: =if(BE11="S",BF11*2.3+BG11*3.3+BH11*1,if(BE11="A",BF11*2+BG11*3+BH11*1,if(BE11="B",BF11*1.6+BG11*2.6+BH11*1,if(BE11="C",BF11*1.4+BG11*2.4+BH11*1,if(BE11="D",BF11*1.2+BG11*2.2+BH11*1,if(BE11="E",BF11*1+BG11*2+BH11*1,if(BE11="F",BF11*0.8+BG11*1.7+BH11*1,BF11*0.5+BG11*1.5+BH11*1))))))) -> 0 | BJ11: =AW11+BC11+BI11 -> 68.5 | BK11: 320 | BL11: =if(BK11>=20000,"SS",if(BK11>=15000,"S",if(BK11>=10000,"A",if(BK11>=9000,"B",if(BK11>=8000,"C",if(BK11>=7000,"D",if(BK11>=5000,"E",if(BK11>=3000,"F","Z")))))))) -> Z | BM11: 0 | BN11: 1 | BO11: 28 | BP11: =if(BL11="S",BM11*2.3+BN11*3.3+BO11*1,if(BL11="A",BM11*2+BN11*3+BO11*1,if(BL11="B",BM11*1.6+BN11*2.6+BO11*1,if(BL11="C",BM11*1.4+BN11*2.4+BO11*1,if(BL11="D",BM11*1.2+BN11*2.2+BO11*1,if(BL11="E",BM11*1+BN11*2+BO11*1,if(BL11="F",BM11*0.8+BN11*1.7+BO11*1,BM11*0.5+BN11*1.5+BO11*1))))))) -> 29.5 | BQ11: 325 | BR11: =if(BQ11>=20000,"SS",if(BQ11>=15000,"S",if(BQ11>=10000,"A",if(BQ11>=9000,"B",if(BQ11>=8000,"C",if(BQ11>=7000,"D",if(BQ11>=5000,"E",if(BQ11>=3000,"F","Z")))))))) -> Z | BS11: 0 | BT11: 1 | BU11: 31 | BV11: =if(BR11="S",BS11*2.3+BT11*3.3+BU11*1,if(BR11="A",BS11*2+BT11*3+BU11*1,if(BR11="B",BS11*1.6+BT11*2.6+BU11*1,if(BR11="C",BS11*1.4+BT11*2.4+BU11*1,if(BR11="D",BS11*1.2+BT11*2.2+BU11*1,if(BR11="E",BS11*1+BT11*2+BU11*1,if(BR11="F",BS11*0.8+BT11*1.7+BU11*1,BS11*0.5+BT11*1.5+BU11*1))))))) -> 32.5 | BW11: 339 | BX11: =if(BW11>=20000,"SS",if(BW11>=15000,"S",if(BW11>=10000,"A",if(BW11>=9000,"B",if(BW11>=8000,"C",if(BW11>=7000,"D",if(BW11>=5000,"E",if(BW11>=3000,"F","Z")))))))) -> Z | CB11: =if(BX11="S",BY11*2.3+BZ11*3.3+CA11*1,if(BX11="A",BY11*2+BZ11*3+CA11*1,if(BX11="B",BY11*1.6+BZ11*2.6+CA11*1,if(BX11="C",BY11*1.4+BZ11*2.4+CA11*1,if(BX11="D",BY11*1.2+BZ11*2.2+CA11*1,if(BX11="E",BY11*1+BZ11*2+CA11*1,if(BX11="F",BY11*0.8+BZ11*1.7+CA11*1,BY11*0.5+BZ11*1.5+CA11*1))))))) -> 0 | CC11: =BP11+BV11+CB11 -> 62 | CD11: =if(B11>=650,"¥1,800",if(B11>=600,"¥1,700",if(B11>=550,"¥1,600",if(B11>=400,"¥1,500",if(B11>=200,"¥1,250","¥1,000"))))) -> ¥1,250 | CG11: 11月 | CH11: =vlookup($CF$4,$A$5:$CD$49,7,false) | CI11: =vlookup($CF$4,$A$5:$CD$49,8,false) | CK11: =(CH11*1)+(CI11*0.5) -> 0 | CN11: 7 | CO11: 藤川薗絵 | CP11: 203.5
A12: 西井リナ | B12: =IF($A12="","",SUM(F12,M12,T12,V12,X12,Z12,AB12,AL12,AM12,AN12,AQ12,BJ12,CC12)) -> 196.5 | F12: =if(C12="○",30,if(C12="△",15,0))+if(D12="○",30,if(D12="△",15,0))+if(E12="○",30,if(E12="△",15,0)) -> 0 | M12: =IF($A12="","",((G12+I12+K12)*1)+((H12+J12+L12)*0.5)) -> 0 | T12: =IF($A12="","",(N12*10+P12*10+R12*10)+(O12*-10+Q12*-10+S12*-10)) -> 0 | V12: =IF($A12="","",(50-U12)) -> 50 | W12: 1 | X12: =IF($A12="","",(W12*-50)) -> -50 | Z12: =if(Y12="",0,if(Y12="0",0,if(Y12="1",0,if(Y12>3,(Y12-2)*-20,0)))) -> 0 | AB12: =IF($A12="","",if(AA12<5,0,-50)) -> 0 | AL12: =IF($A12="","",(AC12*3+AD12*2+AE12*2)+(AF12*3+AG12*2+AH12*2)+(AI12*3+AJ12*2+AK12*2)) -> 0 | AQ12: =IF($A12="","",if(or(25>=AP12,20>=AO12),30,0)) -> 30 | AR12: 2429 | AS12: =if(AR12>=20000,"SS",if(AR12>=15000,"S",if(AR12>=10000,"A",if(AR12>=9000,"B",if(AR12>=8000,"C",if(AR12>=7000,"D",if(AR12>=5000,"E",if(AR12>=3000,"F","Z")))))))) -> Z | AT12: 13 | AU12: 3 | AV12: 26 | AW12: =if(AS12="S",AT12*2.3+AU12*3.3+AV12*1,if(AS12="A",AT12*2+AU12*3+AV12*1,if(AS12="B",AT12*1.6+AU12*2.6+AV12*1,if(AS12="C",AT12*1.4+AU12*2.4+AV12*1,if(AS12="D",AT12*1.2+AU12*2.2+AV12*1,if(AS12="E",AT12*1+AU12*2+AV12*1,if(AS12="F",AT12*0.8+AU12*1.7+AV12*1,AT12*0.5+AU12*1.5+AV12*1))))))) -> 37 | AX12: 2475 | AY12: =if(AX12>=20000,"SS",if(AX12>=15000,"S",if(AX12>=10000,"A",if(AX12>=9000,"B",if(AX12>=8000,"C",if(AX12>=7000,"D",if(AX12>=5000,"E",if(AX12>=3000,"F","Z")))))))) -> Z | AZ12: 14 | BA12: 7 | BB12: 31 | BC12: =if(AY12="S",AZ12*2.3+BA12*3.3+BB12*1,if(AY12="A",AZ12*2+BA12*3+BB12*1,if(AY12="B",AZ12*1.6+BA12*2.6+BB12*1,if(AY12="C",AZ12*1.4+BA12*2.4+BB12*1,if(AY12="D",AZ12*1.2+BA12*2.2+BB12*1,if(AY12="E",AZ12*1+BA12*2+BB12*1,if(AY12="F",AZ12*0.8+BA12*1.7+BB12*1,AZ12*0.5+BA12*1.5+BB12*1))))))) -> 48.5 | BD12: 2486 | BE12: =if(BD12>=20000,"SS",if(BD12>=15000,"S",if(BD12>=10000,"A",if(BD12>=9000,"B",if(BD12>=8000,"C",if(BD12>=7000,"D",if(BD12>=5000,"E",if(BD12>=3000,"F","Z")))))))) -> Z | BI12: =if(BE12="S",BF12*2.3+BG12*3.3+BH12*1,if(BE12="A",BF12*2+BG12*3+BH12*1,if(BE12="B",BF12*1.6+BG12*2.6+BH12*1,if(BE12="C",BF12*1.4+BG12*2.4+BH12*1,if(BE12="D",BF12*1.2+BG12*2.2+BH12*1,if(BE12="E",BF12*1+BG12*2+BH12*1,if(BE12="F",BF12*0.8+BG12*1.7+BH12*1,BF12*0.5+BG12*1.5+BH12*1))))))) -> 0 | BJ12: =AW12+BC12+BI12 -> 85.5 | BK12: 518 | BL12: =if(BK12>=20000,"SS",if(BK12>=15000,"S",if(BK12>=10000,"A",if(BK12>=9000,"B",if(BK12>=8000,"C",if(BK12>=7000,"D",if(BK12>=5000,"E",if(BK12>=3000,"F","Z")))))))) -> Z | BM12: 3 | BN12: 2 | BO12: 28 | BP12: =if(BL12="S",BM12*2.3+BN12*3.3+BO12*1,if(BL12="A",BM12*2+BN12*3+BO12*1,if(BL12="B",BM12*1.6+BN12*2.6+BO12*1,if(BL12="C",BM12*1.4+BN12*2.4+BO12*1,if(BL12="D",BM12*1.2+BN12*2.2+BO12*1,if(BL12="E",BM12*1+BN12*2+BO12*1,if(BL12="F",BM12*0.8+BN12*1.7+BO12*1,BM12*0.5+BN12*1.5+BO12*1))))))) -> 32.5 | BQ12: 540 | BR12: =if(BQ12>=20000,"SS",if(BQ12>=15000,"S",if(BQ12>=10000,"A",if(BQ12>=9000,"B",if(BQ12>=8000,"C",if(BQ12>=7000,"D",if(BQ12>=5000,"E",if(BQ12>=3000,"F","Z")))))))) -> Z | BS12: 4 | BT12: 11 | BU12: 30 | BV12: =if(BR12="S",BS12*2.3+BT12*3.3+BU12*1,if(BR12="A",BS12*2+BT12*3+BU12*1,if(BR12="B",BS12*1.6+BT12*2.6+BU12*1,if(BR12="C",BS12*1.4+BT12*2.4+BU12*1,if(BR12="D",BS12*1.2+BT12*2.2+BU12*1,if(BR12="E",BS12*1+BT12*2+BU12*1,if(BR12="F",BS12*0.8+BT12*1.7+BU12*1,BS12*0.5+BT12*1.5+BU12*1))))))) -> 48.5 | BW12: 587 | BX12: =if(BW12>=20000,"SS",if(BW12>=15000,"S",if(BW12>=10000,"A",if(BW12>=9000,"B",if(BW12>=8000,"C",if(BW12>=7000,"D",if(BW12>=5000,"E",if(BW12>=3000,"F","Z")))))))) -> Z | CB12: =if(BX12="S",BY12*2.3+BZ12*3.3+CA12*1,if(BX12="A",BY12*2+BZ12*3+CA12*1,if(BX12="B",BY12*1.6+BZ12*2.6+CA12*1,if(BX12="C",BY12*1.4+BZ12*2.4+CA12*1,if(BX12="D",BY12*1.2+BZ12*2.2+CA12*1,if(BX12="E",BY12*1+BZ12*2+CA12*1,if(BX12="F",BY12*0.8+BZ12*1.7+CA12*1,BY12*0.5+BZ12*1.5+CA12*1))))))) -> 0 | CC12: =BP12+BV12+CB12 -> 81 | CD12: =if(B12>=650,"¥1,800",if(B12>=600,"¥1,700",if(B12>=550,"¥1,600",if(B12>=400,"¥1,500",if(B12>=200,"¥1,250","¥1,000"))))) -> ¥1,000 | CG12: 12月 | CH12: =vlookup($CF$4,$A$5:$CD$49,9,false) | CI12: =vlookup($CF$4,$A$5:$CD$49,10,false) | CK12: =(CH12*1)+(CI12*0.5) -> 0 | CN12: 8 | CO12: 西井リナ | CP12: 196.5
A13: 松尾奈美 | B13: =IF($A13="","",SUM(F13,M13,T13,V13,X13,Z13,AB13,AL13,AM13,AN13,AQ13,BJ13,CC13)) -> 268.7 | F13: =if(C13="○",30,if(C13="△",15,0))+if(D13="○",30,if(D13="△",15,0))+if(E13="○",30,if(E13="△",15,0)) -> 0 | M13: =IF($A13="","",((G13+I13+K13)*1)+((H13+J13+L13)*0.5)) -> 0 | T13: =IF($A13="","",(N13*10+P13*10+R13*10)+(O13*-10+Q13*-10+S13*-10)) -> 0 | V13: =IF($A13="","",(50-U13)) -> 50 | X13: =IF($A13="","",(W13*-50)) -> 0 | Z13: =if(Y13="",0,if(Y13="0",0,if(Y13="1",0,if(Y13>3,(Y13-2)*-20,0)))) -> 0 | AB13: =IF($A13="","",if(AA13<5,0,-50)) -> 0 | AL13: =IF($A13="","",(AC13*3+AD13*2+AE13*2)+(AF13*3+AG13*2+AH13*2)+(AI13*3+AJ13*2+AK13*2)) -> 0 | AO13: 21 | AP13: 25.9 | AQ13: =IF($A13="","",if(or(25>=AP13,20>=AO13),30,0)) -> 0 | AR13: 3488 | AS13: =if(AR13>=20000,"SS",if(AR13>=15000,"S",if(AR13>=10000,"A",if(AR13>=9000,"B",if(AR13>=8000,"C",if(AR13>=7000,"D",if(AR13>=5000,"E",if(AR13>=3000,"F","Z")))))))) -> F | AT13: 12 | AU13: 6 | AV13: 26 | AW13: =if(AS13="S",AT13*2.3+AU13*3.3+AV13*1,if(AS13="A",AT13*2+AU13*3+AV13*1,if(AS13="B",AT13*1.6+AU13*2.6+AV13*1,if(AS13="C",AT13*1.4+AU13*2.4+AV13*1,if(AS13="D",AT13*1.2+AU13*2.2+AV13*1,if(AS13="E",AT13*1+AU13*2+AV13*1,if(AS13="F",AT13*0.8+AU13*1.7+AV13*1,AT13*0.5+AU13*1.5+AV13*1))))))) -> 45.8 | AX13: 3545 | AY13: =if(AX13>=20000,"SS",if(AX13>=15000,"S",if(AX13>=10000,"A",if(AX13>=9000,"B",if(AX13>=8000,"C",if(AX13>=7000,"D",if(AX13>=5000,"E",if(AX13>=3000,"F","Z")))))))) -> F | AZ13: 15 | BA13: 7 | BB13: 30 | BC13: =if(AY13="S",AZ13*2.3+BA13*3.3+BB13*1,if(AY13="A",AZ13*2+BA13*3+BB13*1,if(AY13="B",AZ13*1.6+BA13*2.6+BB13*1,if(AY13="C",AZ13*1.4+BA13*2.4+BB13*1,if(AY13="D",AZ13*1.2+BA13*2.2+BB13*1,if(AY13="E",AZ13*1+BA13*2+BB13*1,if(AY13="F",AZ13*0.8+BA13*1.7+BB13*1,AZ13*0.5+BA13*1.5+BB13*1))))))) -> 53.9 | BD13: 3623 | BE13: =if(BD13>=20000,"SS",if(BD13>=15000,"S",if(BD13>=10000,"A",if(BD13>=9000,"B",if(BD13>=8000,"C",if(BD13>=7000,"D",if(BD13>=5000,"E",if(BD13>=3000,"F","Z")))))))) -> F | BI13: =if(BE13="S",BF13*2.3+BG13*3.3+BH13*1,if(BE13="A",BF13*2+BG13*3+BH13*1,if(BE13="B",BF13*1.6+BG13*2.6+BH13*1,if(BE13="C",BF13*1.4+BG13*2.4+BH13*1,if(BE13="D",BF13*1.2+BG13*2.2+BH13*1,if(BE13="E",BF13*1+BG13*2+BH13*1,if(BE13="F",BF13*0.8+BG13*1.7+BH13*1,BF13*0.5+BG13*1.5+BH13*1))))))) -> 0 | BJ13: =AW13+BC13+BI13 -> 99.7 | BK13: 4177 | BL13: =if(BK13>=20000,"SS",if(BK13>=15000,"S",if(BK13>=10000,"A",if(BK13>=9000,"B",if(BK13>=8000,"C",if(BK13>=7000,"D",if(BK13>=5000,"E",if(BK13>=3000,"F","Z")))))))) -> F | BM13: 0 | BN13: 15 | BO13: 26 | BP13: =if(BL13="S",BM13*2.3+BN13*3.3+BO13*1,if(BL13="A",BM13*2+BN13*3+BO13*1,if(BL13="B",BM13*1.6+BN13*2.6+BO13*1,if(BL13="C",BM13*1.4+BN13*2.4+BO13*1,if(BL13="D",BM13*1.2+BN13*2.2+BO13*1,if(BL13="E",BM13*1+BN13*2+BO13*1,if(BL13="F",BM13*0.8+BN13*1.7+BO13*1,BM13*0.5+BN13*1.5+BO13*1))))))) -> 51.5 | BQ13: 4307 | BR13: =if(BQ13>=20000,"SS",if(BQ13>=15000,"S",if(BQ13>=10000,"A",if(BQ13>=9000,"B",if(BQ13>=8000,"C",if(BQ13>=7000,"D",if(BQ13>=5000,"E",if(BQ13>=3000,"F","Z")))))))) -> F | BS13: 1 | BT13: 21 | BU13: 31 | BV13: =if(BR13="S",BS13*2.3+BT13*3.3+BU13*1,if(BR13="A",BS13*2+BT13*3+BU13*1,if(BR13="B",BS13*1.6+BT13*2.6+BU13*1,if(BR13="C",BS13*1.4+BT13*2.4+BU13*1,if(BR13="D",BS13*1.2+BT13*2.2+BU13*1,if(BR13="E",BS13*1+BT13*2+BU13*1,if(BR13="F",BS13*0.8+BT13*1.7+BU13*1,BS13*0.5+BT13*1.5+BU13*1))))))) -> 67.5 | BW13: 4408 | BX13: =if(BW13>=20000,"SS",if(BW13>=15000,"S",if(BW13>=10000,"A",if(BW13>=9000,"B",if(BW13>=8000,"C",if(BW13>=7000,"D",if(BW13>=5000,"E",if(BW13>=3000,"F","Z")))))))) -> F | CB13: =if(BX13="S",BY13*2.3+BZ13*3.3+CA13*1,if(BX13="A",BY13*2+BZ13*3+CA13*1,if(BX13="B",BY13*1.6+BZ13*2.6+CA13*1,if(BX13="C",BY13*1.4+BZ13*2.4+CA13*1,if(BX13="D",BY13*1.2+BZ13*2.2+CA13*1,if(BX13="E",BY13*1+BZ13*2+CA13*1,if(BX13="F",BY13*0.8+BZ13*1.7+CA13*1,BY13*0.5+BZ13*1.5+CA13*1))))))) -> 0 | CC13: =BP13+BV13+CB13 -> 119 | CD13: =if(B13>=650,"¥1,800",if(B13>=600,"¥1,700",if(B13>=550,"¥1,600",if(B13>=400,"¥1,500",if(B13>=200,"¥1,250","¥1,000"))))) -> ¥1,250 | CG13: 1月 | CH13: =vlookup($CF$4,$A$5:$CD$49,11,false) | CI13: =vlookup($CF$4,$A$5:$CD$49,12,false) | CK13: =(CH13*1)+(CI13*0.5) -> 0 | CN13: 9 | CO13: 七瀬亜美 | CP13: 193.5
A14: 河谷美奈 | B14: =IF($A14="","",SUM(F14,M14,T14,V14,X14,Z14,AB14,AL14,AM14,AN14,AQ14,BJ14,CC14)) -> 189.8 | F14: =if(C14="○",30,if(C14="△",15,0))+if(D14="○",30,if(D14="△",15,0))+if(E14="○",30,if(E14="△",15,0)) -> 0 | M14: =IF($A14="","",((G14+I14+K14)*1)+((H14+J14+L14)*0.5)) -> 0 | T14: =IF($A14="","",(N14*10+P14*10+R14*10)+(O14*-10+Q14*-10+S14*-10)) -> 0 | V14: =IF($A14="","",(50-U14)) -> 50 | X14: =IF($A14="","",(W14*-50)) -> 0 | Z14: =if(Y14="",0,if(Y14="0",0,if(Y14="1",0,if(Y14>3,(Y14-2)*-20,0)))) -> 0 | AB14: =IF($A14="","",if(AA14<5,0,-50)) -> 0 | AL14: =IF($A14="","",(AC14*3+AD14*2+AE14*2)+(AF14*3+AG14*2+AH14*2)+(AI14*3+AJ14*2+AK14*2)) -> 0 | AQ14: =IF($A14="","",if(or(25>=AP14,20>=AO14),30,0)) -> 30 | AR14: 3642 | AS14: =if(AR14>=20000,"SS",if(AR14>=15000,"S",if(AR14>=10000,"A",if(AR14>=9000,"B",if(AR14>=8000,"C",if(AR14>=7000,"D",if(AR14>=5000,"E",if(AR14>=3000,"F","Z")))))))) -> F | AT14: 4 | AU14: 2 | AV14: 22 | AW14: =if(AS14="S",AT14*2.3+AU14*3.3+AV14*1,if(AS14="A",AT14*2+AU14*3+AV14*1,if(AS14="B",AT14*1.6+AU14*2.6+AV14*1,if(AS14="C",AT14*1.4+AU14*2.4+AV14*1,if(AS14="D",AT14*1.2+AU14*2.2+AV14*1,if(AS14="E",AT14*1+AU14*2+AV14*1,if(AS14="F",AT14*0.8+AU14*1.7+AV14*1,AT14*0.5+AU14*1.5+AV14*1))))))) -> 28.6 | AX14: 3646 | AY14: =if(AX14>=20000,"SS",if(AX14>=15000,"S",if(AX14>=10000,"A",if(AX14>=9000,"B",if(AX14>=8000,"C",if(AX14>=7000,"D",if(AX14>=5000,"E",if(AX14>=3000,"F","Z")))))))) -> F | AZ14: 0 | BA14: 6 | BB14: 27 | BC14: =if(AY14="S",AZ14*2.3+BA14*3.3+BB14*1,if(AY14="A",AZ14*2+BA14*3+BB14*1,if(AY14="B",AZ14*1.6+BA14*2.6+BB14*1,if(AY14="C",AZ14*1.4+BA14*2.4+BB14*1,if(AY14="D",AZ14*1.2+BA14*2.2+BB14*1,if(AY14="E",AZ14*1+BA14*2+BB14*1,if(AY14="F",AZ14*0.8+BA14*1.7+BB14*1,AZ14*0.5+BA14*1.5+BB14*1))))))) -> 37.2 | BD14: 3654 | BE14: =if(BD14>=20000,"SS",if(BD14>=15000,"S",if(BD14>=10000,"A",if(BD14>=9000,"B",if(BD14>=8000,"C",if(BD14>=7000,"D",if(BD14>=5000,"E",if(BD14>=3000,"F","Z")))))))) -> F | BI14: =if(BE14="S",BF14*2.3+BG14*3.3+BH14*1,if(BE14="A",BF14*2+BG14*3+BH14*1,if(BE14="B",BF14*1.6+BG14*2.6+BH14*1,if(BE14="C",BF14*1.4+BG14*2.4+BH14*1,if(BE14="D",BF14*1.2+BG14*2.2+BH14*1,if(BE14="E",BF14*1+BG14*2+BH14*1,if(BE14="F",BF14*0.8+BG14*1.7+BH14*1,BF14*0.5+BG14*1.5+BH14*1))))))) -> 0 | BJ14: =AW14+BC14+BI14 -> 65.8 | BK14: 355 | BL14: =if(BK14>=20000,"SS",if(BK14>=15000,"S",if(BK14>=10000,"A",if(BK14>=9000,"B",if(BK14>=8000,"C",if(BK14>=7000,"D",if(BK14>=5000,"E",if(BK14>=3000,"F","Z")))))))) -> Z | BM14: 0 | BN14: 3 | BO14: 16 | BP14: =if(BL14="S",BM14*2.3+BN14*3.3+BO14*1,if(BL14="A",BM14*2+BN14*3+BO14*1,if(BL14="B",BM14*1.6+BN14*2.6+BO14*1,if(BL14="C",BM14*1.4+BN14*2.4+BO14*1,if(BL14="D",BM14*1.2+BN14*2.2+BO14*1,if(BL14="E",BM14*1+BN14*2+BO14*1,if(BL14="F",BM14*0.8+BN14*1.7+BO14*1,BM14*0.5+BN14*1.5+BO14*1))))))) -> 20.5 | BQ14: 375 | BR14: =if(BQ14>=20000,"SS",if(BQ14>=15000,"S",if(BQ14>=10000,"A",if(BQ14>=9000,"B",if(BQ14>=8000,"C",if(BQ14>=7000,"D",if(BQ14>=5000,"E",if(BQ14>=3000,"F","Z")))))))) -> Z | BS14: 0 | BT14: 3 | BU14: 19 | BV14: =if(BR14="S",BS14*2.3+BT14*3.3+BU14*1,if(BR14="A",BS14*2+BT14*3+BU14*1,if(BR14="B",BS14*1.6+BT14*2.6+BU14*1,if(BR14="C",BS14*1.4+BT14*2.4+BU14*1,if(BR14="D",BS14*1.2+BT14*2.2+BU14*1,if(BR14="E",BS14*1+BT14*2+BU14*1,if(BR14="F",BS14*0.8+BT14*1.7+BU14*1,BS14*0.5+BT14*1.5+BU14*1))))))) -> 23.5 | BW14: 388 | BX14: =if(BW14>=20000,"SS",if(BW14>=15000,"S",if(BW14>=10000,"A",if(BW14>=9000,"B",if(BW14>=8000,"C",if(BW14>=7000,"D",if(BW14>=5000,"E",if(BW14>=3000,"F","Z")))))))) -> Z | CB14: =if(BX14="S",BY14*2.3+BZ14*3.3+CA14*1,if(BX14="A",BY14*2+BZ14*3+CA14*1,if(BX14="B",BY14*1.6+BZ14*2.6+CA14*1,if(BX14="C",BY14*1.4+BZ14*2.4+CA14*1,if(BX14="D",BY14*1.2+BZ14*2.2+CA14*1,if(BX14="E",BY14*1+BZ14*2+CA14*1,if(BX14="F",BY14*0.8+BZ14*1.7+CA14*1,BY14*0.5+BZ14*1.5+CA14*1))))))) -> 0 | CC14: =BP14+BV14+CB14 -> 44 | CD14: =if(B14>=650,"¥1,800",if(B14>=600,"¥1,700",if(B14>=550,"¥1,600",if(B14>=400,"¥1,500",if(B14>=200,"¥1,250","¥1,000"))))) -> ¥1,000 | CF14: Lesson | CH14: 社外 | CI14: 社内 | CJ14: MCDS | CK14: 得点 | CN14: 10 | CO14: 河谷美奈 | CP14: 189.8
A15: 椿菜月 | B15: =IF($A15="","",SUM(F15,M15,T15,V15,X15,Z15,AB15,AL15,AM15,AN15,AQ15,BJ15,CC15)) -> 97.6 | F15: =if(C15="○",30,if(C15="△",15,0))+if(D15="○",30,if(D15="△",15,0))+if(E15="○",30,if(E15="△",15,0)) -> 0 | M15: =IF($A15="","",((G15+I15+K15)*1)+((H15+J15+L15)*0.5)) -> 0 | T15: =IF($A15="","",(N15*10+P15*10+R15*10)+(O15*-10+Q15*-10+S15*-10)) -> 0 | V15: =IF($A15="","",(50-U15)) -> 50 | X15: =IF($A15="","",(W15*-50)) -> 0 | Z15: =if(Y15="",0,if(Y15="0",0,if(Y15="1",0,if(Y15>3,(Y15-2)*-20,0)))) -> 0 | AB15: =IF($A15="","",if(AA15<5,0,-50)) -> 0 | AL15: =IF($A15="","",(AC15*3+AD15*2+AE15*2)+(AF15*3+AG15*2+AH15*2)+(AI15*3+AJ15*2+AK15*2)) -> 0 | AO15: 19.9 | AP15: 24.9 | AQ15: =IF($A15="","",if(or(25>=AP15,20>=AO15),30,0)) -> 30 | AR15: 4024 | AS15: =if(AR15>=20000,"SS",if(AR15>=15000,"S",if(AR15>=10000,"A",if(AR15>=9000,"B",if(AR15>=8000,"C",if(AR15>=7000,"D",if(AR15>=5000,"E",if(AR15>=3000,"F","Z")))))))) -> F | AT15: 0 | AU15: 0 | AV15: 12 | AW15: =if(AS15="S",AT15*2.3+AU15*3.3+AV15*1,if(AS15="A",AT15*2+AU15*3+AV15*1,if(AS15="B",AT15*1.6+AU15*2.6+AV15*1,if(AS15="C",AT15*1.4+AU15*2.4+AV15*1,if(AS15="D",AT15*1.2+AU15*2.2+AV15*1,if(AS15="E",AT15*1+AU15*2+AV15*1,if(AS15="F",AT15*0.8+AU15*1.7+AV15*1,AT15*0.5+AU15*1.5+AV15*1))))))) -> 12 | AX15: 4012 | AY15: =if(AX15>=20000,"SS",if(AX15>=15000,"S",if(AX15>=10000,"A",if(AX15>=9000,"B",if(AX15>=8000,"C",if(AX15>=7000,"D",if(AX15>=5000,"E",if(AX15>=3000,"F","Z")))))))) -> F | AZ15: 3 | BA15: 1 | BB15: 0 | BC15: =if(AY15="S",AZ15*2.3+BA15*3.3+BB15*1,if(AY15="A",AZ15*2+BA15*3+BB15*1,if(AY15="B",AZ15*1.6+BA15*2.6+BB15*1,if(AY15="C",AZ15*1.4+BA15*2.4+BB15*1,if(AY15="D",AZ15*1.2+BA15*2.2+BB15*1,if(AY15="E",AZ15*1+BA15*2+BB15*1,if(AY15="F",AZ15*0.8+BA15*1.7+BB15*1,AZ15*0.5+BA15*1.5+BB15*1))))))) -> 4.1 | BD15: 3994 | BE15: =if(BD15>=20000,"SS",if(BD15>=15000,"S",if(BD15>=10000,"A",if(BD15>=9000,"B",if(BD15>=8000,"C",if(BD15>=7000,"D",if(BD15>=5000,"E",if(BD15>=3000,"F","Z")))))))) -> F | BI15: =if(BE15="S",BF15*2.3+BG15*3.3+BH15*1,if(BE15="A",BF15*2+BG15*3+BH15*1,if(BE15="B",BF15*1.6+BG15*2.6+BH15*1,if(BE15="C",BF15*1.4+BG15*2.4+BH15*1,if(BE15="D",BF15*1.2+BG15*2.2+BH15*1,if(BE15="E",BF15*1+BG15*2+BH15*1,if(BE15="F",BF15*0.8+BG15*1.7+BH15*1,BF15*0.5+BG15*1.5+BH15*1))))))) -> 0 | BJ15: =AW15+BC15+BI15 -> 16.1 | BK15: 172 | BL15: =if(BK15>=20000,"SS",if(BK15>=15000,"S",if(BK15>=10000,"A",if(BK15>=9000,"B",if(BK15>=8000,"C",if(BK15>=7000,"D",if(BK15>=5000,"E",if(BK15>=3000,"F","Z")))))))) -> Z | BM15: 0 | BN15: 0 | BO15: 0 | BP15: =if(BL15="S",BM15*2.3+BN15*3.3+BO15*1,if(BL15="A",BM15*2+BN15*3+BO15*1,if(BL15="B",BM15*1.6+BN15*2.6+BO15*1,if(BL15="C",BM15*1.4+BN15*2.4+BO15*1,if(BL15="D",BM15*1.2+BN15*2.2+BO15*1,if(BL15="E",BM15*1+BN15*2+BO15*1,if(BL15="F",BM15*0.8+BN15*1.7+BO15*1,BM15*0.5+BN15*1.5+BO15*1))))))) -> 0 | BQ15: 217 | BR15: =if(BQ15>=20000,"SS",if(BQ15>=15000,"S",if(BQ15>=10000,"A",if(BQ15>=9000,"B",if(BQ15>=8000,"C",if(BQ15>=7000,"D",if(BQ15>=5000,"E",if(BQ15>=3000,"F","Z")))))))) -> Z | BS15: 0 | BT15: 1 | BU15: 0 | BV15: =if(BR15="S",BS15*2.3+BT15*3.3+BU15*1,if(BR15="A",BS15*2+BT15*3+BU15*1,if(BR15="B",BS15*1.6+BT15*2.6+BU15*1,if(BR15="C",BS15*1.4+BT15*2.4+BU15*1,if(BR15="D",BS15*1.2+BT15*2.2+BU15*1,if(BR15="E",BS15*1+BT15*2+BU15*1,if(BR15="F",BS15*0.8+BT15*1.7+BU15*1,BS15*0.5+BT15*1.5+BU15*1))))))) -> 1.5 | BW15: 230 | BX15: =if(BW15>=20000,"SS",if(BW15>=15000,"S",if(BW15>=10000,"A",if(BW15>=9000,"B",if(BW15>=8000,"C",if(BW15>=7000,"D",if(BW15>=5000,"E",if(BW15>=3000,"F","Z")))))))) -> Z | CB15: =if(BX15="S",BY15*2.3+BZ15*3.3+CA15*1,if(BX15="A",BY15*2+BZ15*3+CA15*1,if(BX15="B",BY15*1.6+BZ15*2.6+CA15*1,if(BX15="C",BY15*1.4+BZ15*2.4+CA15*1,if(BX15="D",BY15*1.2+BZ15*2.2+CA15*1,if(BX15="E",BY15*1+BZ15*2+CA15*1,if(BX15="F",BY15*0.8+BZ15*1.7+CA15*1,BY15*0.5+BZ15*1.5+CA15*1))))))) -> 0 | CC15: =BP15+BV15+CB15 -> 1.5 | CD15: =if(B15>=650,"¥1,800",if(B15>=600,"¥1,700",if(B15>=550,"¥1,600",if(B15>=400,"¥1,500",if(B15>=200,"¥1,250","¥1,000"))))) -> ¥1,000 | CG15: 11月 | CH15: =vlookup($CF$4,$A$5:$CD$49,29,false) | CI15: =vlookup($CF$4,$A$5:$CD$49,30,false) | CJ15: =vlookup($CF$4,$A$5:$CD$49,31,false) | CK15: =CH15*3+CI15*2+CJ15*2 -> 0 | CN15: 11 | CO15: 佐藤ほの | CP15: 188.4
A16: リリー | B16: =IF($A16="","",SUM(F16,M16,T16,V16,X16,Z16,AB16,AL16,AM16,AN16,AQ16,BJ16,CC16)) -> -5.5 | F16: =if(C16="○",30,if(C16="△",15,0))+if(D16="○",30,if(D16="△",15,0))+if(E16="○",30,if(E16="△",15,0)) -> 0 | M16: =IF($A16="","",((G16+I16+K16)*1)+((H16+J16+L16)*0.5)) -> 0 | T16: =IF($A16="","",(N16*10+P16*10+R16*10)+(O16*-10+Q16*-10+S16*-10)) -> 0 | V16: =IF($A16="","",(50-U16)) -> 50 | W16: 2 | X16: =IF($A16="","",(W16*-50)) -> -100 | Z16: =if(Y16="",0,if(Y16="0",0,if(Y16="1",0,if(Y16>3,(Y16-2)*-20,0)))) -> 0 | AB16: =IF($A16="","",if(AA16<5,0,-50)) -> 0 | AL16: =IF($A16="","",(AC16*3+AD16*2+AE16*2)+(AF16*3+AG16*2+AH16*2)+(AI16*3+AJ16*2+AK16*2)) -> 0 | AQ16: =IF($A16="","",if(or(25>=AP16,20>=AO16),30,0)) -> 30 | AR16: 2429 | AS16: =if(AR16>=20000,"SS",if(AR16>=15000,"S",if(AR16>=10000,"A",if(AR16>=9000,"B",if(AR16>=8000,"C",if(AR16>=7000,"D",if(AR16>=5000,"E",if(AR16>=3000,"F","Z")))))))) -> Z | AT16: 2 | AU16: 0 | AV16: 0 | AW16: =if(AS16="S",AT16*2.3+AU16*3.3+AV16*1,if(AS16="A",AT16*2+AU16*3+AV16*1,if(AS16="B",AT16*1.6+AU16*2.6+AV16*1,if(AS16="C",AT16*1.4+AU16*2.4+AV16*1,if(AS16="D",AT16*1.2+AU16*2.2+AV16*1,if(AS16="E",AT16*1+AU16*2+AV16*1,if(AS16="F",AT16*0.8+AU16*1.7+AV16*1,AT16*0.5+AU16*1.5+AV16*1))))))) -> 1 | AX16: 2432 | AY16: =if(AX16>=20000,"SS",if(AX16>=15000,"S",if(AX16>=10000,"A",if(AX16>=9000,"B",if(AX16>=8000,"C",if(AX16>=7000,"D",if(AX16>=5000,"E",if(AX16>=3000,"F","Z")))))))) -> Z | AZ16: 6 | BA16: 3 | BB16: 0 | BC16: =if(AY16="S",AZ16*2.3+BA16*3.3+BB16*1,if(AY16="A",AZ16*2+BA16*3+BB16*1,if(AY16="B",AZ16*1.6+BA16*2.6+BB16*1,if(AY16="C",AZ16*1.4+BA16*2.4+BB16*1,if(AY16="D",AZ16*1.2+BA16*2.2+BB16*1,if(AY16="E",AZ16*1+BA16*2+BB16*1,if(AY16="F",AZ16*0.8+BA16*1.7+BB16*1,AZ16*0.5+BA16*1.5+BB16*1))))))) -> 7.5 | BD16: 2426 | BE16: =if(BD16>=20000,"SS",if(BD16>=15000,"S",if(BD16>=10000,"A",if(BD16>=9000,"B",if(BD16>=8000,"C",if(BD16>=7000,"D",if(BD16>=5000,"E",if(BD16>=3000,"F","Z")))))))) -> Z | BI16: =if(BE16="S",BF16*2.3+BG16*3.3+BH16*1,if(BE16="A",BF16*2+BG16*3+BH16*1,if(BE16="B",BF16*1.6+BG16*2.6+BH16*1,if(BE16="C",BF16*1.4+BG16*2.4+BH16*1,if(BE16="D",BF16*1.2+BG16*2.2+BH16*1,if(BE16="E",BF16*1+BG16*2+BH16*1,if(BE16="F",BF16*0.8+BG16*1.7+BH16*1,BF16*0.5+BG16*1.5+BH16*1))))))) -> 0 | BJ16: =AW16+BC16+BI16 -> 8.5 | BK16: 1127 | BL16: =if(BK16>=20000,"SS",if(BK16>=15000,"S",if(BK16>=10000,"A",if(BK16>=9000,"B",if(BK16>=8000,"C",if(BK16>=7000,"D",if(BK16>=5000,"E",if(BK16>=3000,"F","Z")))))))) -> Z | BM16: 0 | BN16: 1 | BO16: 0 | BP16: =if(BL16="S",BM16*2.3+BN16*3.3+BO16*1,if(BL16="A",BM16*2+BN16*3+BO16*1,if(BL16="B",BM16*1.6+BN16*2.6+BO16*1,if(BL16="C",BM16*1.4+BN16*2.4+BO16*1,if(BL16="D",BM16*1.2+BN16*2.2+BO16*1,if(BL16="E",BM16*1+BN16*2+BO16*1,if(BL16="F",BM16*0.8+BN16*1.7+BO16*1,BM16*0.5+BN16*1.5+BO16*1))))))) -> 1.5 | BQ16: 1124 | BR16: =if(BQ16>=20000,"SS",if(BQ16>=15000,"S",if(BQ16>=10000,"A",if(BQ16>=9000,"B",if(BQ16>=8000,"C",if(BQ16>=7000,"D",if(BQ16>=5000,"E",if(BQ16>=3000,"F","Z")))))))) -> Z | BS16: 0 | BT16: 3 | BU16: 0 | BV16: =if(BR16="S",BS16*2.3+BT16*3.3+BU16*1,if(BR16="A",BS16*2+BT16*3+BU16*1,if(BR16="B",BS16*1.6+BT16*2.6+BU16*1,if(BR16="C",BS16*1.4+BT16*2.4+BU16*1,if(BR16="D",BS16*1.2+BT16*2.2+BU16*1,if(BR16="E",BS16*1+BT16*2+BU16*1,if(BR16="F",BS16*0.8+BT16*1.7+BU16*1,BS16*0.5+BT16*1.5+BU16*1))))))) -> 4.5 | BW16: 1130 | BX16: =if(BW16>=20000,"SS",if(BW16>=15000,"S",if(BW16>=10000,"A",if(BW16>=9000,"B",if(BW16>=8000,"C",if(BW16>=7000,"D",if(BW16>=5000,"E",if(BW16>=3000,"F","Z")))))))) -> Z | CB16: =if(BX16="S",BY16*2.3+BZ16*3.3+CA16*1,if(BX16="A",BY16*2+BZ16*3+CA16*1,if(BX16="B",BY16*1.6+BZ16*2.6+CA16*1,if(BX16="C",BY16*1.4+BZ16*2.4+CA16*1,if(BX16="D",BY16*1.2+BZ16*2.2+CA16*1,if(BX16="E",BY16*1+BZ16*2+CA16*1,if(BX16="F",BY16*0.8+BZ16*1.7+CA16*1,BY16*0.5+BZ16*1.5+CA16*1))))))) -> 0 | CC16: =BP16+BV16+CB16 -> 6 | CD16: =if(B16>=650,"¥1,800",if(B16>=600,"¥1,700",if(B16>=550,"¥1,600",if(B16>=400,"¥1,500",if(B16>=200,"¥1,250","¥1,000"))))) -> ¥1,000 | CG16: 12月 | CH16: =vlookup($CF$4,$A$5:$CD$49,32,false) | CI16: =vlookup($CF$4,$A$5:$CD$49,33,false) | CJ16: =vlookup($CF$4,$A$5:$CD$49,34,false) | CK16: =CH16*3+CI16*2+CJ16*2 -> 0 | CN16: 12 | CO16: 日野原小春 | CP16: 156.9
A17: 木戸つかさ | B17: =IF($A17="","",SUM(F17,M17,T17,V17,X17,Z17,AB17,AL17,AM17,AN17,AQ17,BJ17,CC17)) -> 115 | F17: =if(C17="○",30,if(C17="△",15,0))+if(D17="○",30,if(D17="△",15,0))+if(E17="○",30,if(E17="△",15,0)) -> 0 | M17: =IF($A17="","",((G17+I17+K17)*1)+((H17+J17+L17)*0.5)) -> 0 | T17: =IF($A17="","",(N17*10+P17*10+R17*10)+(O17*-10+Q17*-10+S17*-10)) -> 0 | V17: =IF($A17="","",(50-U17)) -> 50 | X17: =IF($A17="","",(W17*-50)) -> 0 | Z17: =if(Y17="",0,if(Y17="0",0,if(Y17="1",0,if(Y17>3,(Y17-2)*-20,0)))) -> 0 | AB17: =IF($A17="","",if(AA17<5,0,-50)) -> 0 | AL17: =IF($A17="","",(AC17*3+AD17*2+AE17*2)+(AF17*3+AG17*2+AH17*2)+(AI17*3+AJ17*2+AK17*2)) -> 0 | AQ17: =IF($A17="","",if(or(25>=AP17,20>=AO17),30,0)) -> 30 | AR17: 2896 | AS17: =if(AR17>=20000,"SS",if(AR17>=15000,"S",if(AR17>=10000,"A",if(AR17>=9000,"B",if(AR17>=8000,"C",if(AR17>=7000,"D",if(AR17>=5000,"E",if(AR17>=3000,"F","Z")))))))) -> Z | AT17: 7 | AU17: 1 | AV17: 4 | AW17: =if(AS17="S",AT17*2.3+AU17*3.3+AV17*1,if(AS17="A",AT17*2+AU17*3+AV17*1,if(AS17="B",AT17*1.6+AU17*2.6+AV17*1,if(AS17="C",AT17*1.4+AU17*2.4+AV17*1,if(AS17="D",AT17*1.2+AU17*2.2+AV17*1,if(AS17="E",AT17*1+AU17*2+AV17*1,if(AS17="F",AT17*0.8+AU17*1.7+AV17*1,AT17*0.5+AU17*1.5+AV17*1))))))) -> 9 | AX17: 2894 | AY17: =if(AX17>=20000,"SS",if(AX17>=15000,"S",if(AX17>=10000,"A",if(AX17>=9000,"B",if(AX17>=8000,"C",if(AX17>=7000,"D",if(AX17>=5000,"E",if(AX17>=3000,"F","Z")))))))) -> Z | AZ17: 4 | BA17: 1 | BB17: 20 | BC17: =if(AY17="S",AZ17*2.3+BA17*3.3+BB17*1,if(AY17="A",AZ17*2+BA17*3+BB17*1,if(AY17="B",AZ17*1.6+BA17*2.6+BB17*1,if(AY17="C",AZ17*1.4+BA17*2.4+BB17*1,if(AY17="D",AZ17*1.2+BA17*2.2+BB17*1,if(AY17="E",AZ17*1+BA17*2+BB17*1,if(AY17="F",AZ17*0.8+BA17*1.7+BB17*1,AZ17*0.5+BA17*1.5+BB17*1))))))) -> 23.5 | BD17: 2899 | BE17: =if(BD17>=20000,"SS",if(BD17>=15000,"S",if(BD17>=10000,"A",if(BD17>=9000,"B",if(BD17>=8000,"C",if(BD17>=7000,"D",if(BD17>=5000,"E",if(BD17>=3000,"F","Z")))))))) -> Z | BI17: =if(BE17="S",BF17*2.3+BG17*3.3+BH17*1,if(BE17="A",BF17*2+BG17*3+BH17*1,if(BE17="B",BF17*1.6+BG17*2.6+BH17*1,if(BE17="C",BF17*1.4+BG17*2.4+BH17*1,if(BE17="D",BF17*1.2+BG17*2.2+BH17*1,if(BE17="E",BF17*1+BG17*2+BH17*1,if(BE17="F",BF17*0.8+BG17*1.7+BH17*1,BF17*0.5+BG17*1.5+BH17*1))))))) -> 0 | BJ17: =AW17+BC17+BI17 -> 32.5 | BK17: 153 | BL17: =if(BK17>=20000,"SS",if(BK17>=15000,"S",if(BK17>=10000,"A",if(BK17>=9000,"B",if(BK17>=8000,"C",if(BK17>=7000,"D",if(BK17>=5000,"E",if(BK17>=3000,"F","Z")))))))) -> Z | BM17: 0 | BN17: 0 | BO17: 0 | BP17: =if(BL17="S",BM17*2.3+BN17*3.3+BO17*1,if(BL17="A",BM17*2+BN17*3+BO17*1,if(BL17="B",BM17*1.6+BN17*2.6+BO17*1,if(BL17="C",BM17*1.4+BN17*2.4+BO17*1,if(BL17="D",BM17*1.2+BN17*2.2+BO17*1,if(BL17="E",BM17*1+BN17*2+BO17*1,if(BL17="F",BM17*0.8+BN17*1.7+BO17*1,BM17*0.5+BN17*1.5+BO17*1))))))) -> 0 | BQ17: 157 | BR17: =if(BQ17>=20000,"SS",if(BQ17>=15000,"S",if(BQ17>=10000,"A",if(BQ17>=9000,"B",if(BQ17>=8000,"C",if(BQ17>=7000,"D",if(BQ17>=5000,"E",if(BQ17>=3000,"F","Z")))))))) -> Z | BS17: 0 | BT17: 1 | BU17: 1 | BV17: =if(BR17="S",BS17*2.3+BT17*3.3+BU17*1,if(BR17="A",BS17*2+BT17*3+BU17*1,if(BR17="B",BS17*1.6+BT17*2.6+BU17*1,if(BR17="C",BS17*1.4+BT17*2.4+BU17*1,if(BR17="D",BS17*1.2+BT17*2.2+BU17*1,if(BR17="E",BS17*1+BT17*2+BU17*1,if(BR17="F",BS17*0.8+BT17*1.7+BU17*1,BS17*0.5+BT17*1.5+BU17*1))))))) -> 2.5 | BW17: 177 | BX17: =if(BW17>=20000,"SS",if(BW17>=15000,"S",if(BW17>=10000,"A",if(BW17>=9000,"B",if(BW17>=8000,"C",if(BW17>=7000,"D",if(BW17>=5000,"E",if(BW17>=3000,"F","Z")))))))) -> Z | CB17: =if(BX17="S",BY17*2.3+BZ17*3.3+CA17*1,if(BX17="A",BY17*2+BZ17*3+CA17*1,if(BX17="B",BY17*1.6+BZ17*2.6+CA17*1,if(BX17="C",BY17*1.4+BZ17*2.4+CA17*1,if(BX17="D",BY17*1.2+BZ17*2.2+CA17*1,if(BX17="E",BY17*1+BZ17*2+CA17*1,if(BX17="F",BY17*0.8+BZ17*1.7+CA17*1,BY17*0.5+BZ17*1.5+CA17*1))))))) -> 0 | CC17: =BP17+BV17+CB17 -> 2.5 | CD17: =if(B17>=650,"¥1,800",if(B17>=600,"¥1,700",if(B17>=550,"¥1,600",if(B17>=400,"¥1,500",if(B17>=200,"¥1,250","¥1,000"))))) -> ¥1,000 | CG17: 1月 | CH17: =vlookup($CF$4,$A$5:$CD$49,35,false) | CI17: =vlookup($CF$4,$A$5:$CD$49,36,false) | CJ17: =vlookup($CF$4,$A$5:$CD$49,37,false) | CK17: =CH17*3+CI17*2+CJ17*2 -> 0 | CN17: 13 | CO17: 中条舞結 | CP17: 149.5
A18: 大島花織 | B18: =IF($A18="","",SUM(F18,M18,T18,V18,X18,Z18,AB18,AL18,AM18,AN18,AQ18,BJ18,CC18)) -> 225.7 | F18: =if(C18="○",30,if(C18="△",15,0))+if(D18="○",30,if(D18="△",15,0))+if(E18="○",30,if(E18="△",15,0)) -> 0 | M18: =IF($A18="","",((G18+I18+K18)*1)+((H18+J18+L18)*0.5)) -> 0 | T18: =IF($A18="","",(N18*10+P18*10+R18*10)+(O18*-10+Q18*-10+S18*-10)) -> 0 | V18: =IF($A18="","",(50-U18)) -> 50 | X18: =IF($A18="","",(W18*-50)) -> 0 | Y18: 1 | Z18: =if(Y18="",0,if(Y18="0",0,if(Y18="1",0,if(Y18>3,(Y18-2)*-20,0)))) -> 0 | AB18: =IF($A18="","",if(AA18<5,0,-50)) -> 0 | AL18: =IF($A18="","",(AC18*3+AD18*2+AE18*2)+(AF18*3+AG18*2+AH18*2)+(AI18*3+AJ18*2+AK18*2)) -> 0 | AO18: 18.8 | AP18: 22.5 | AQ18: =IF($A18="","",if(or(25>=AP18,20>=AO18),30,0)) -> 30 | AR18: 3611 | AS18: =if(AR18>=20000,"SS",if(AR18>=15000,"S",if(AR18>=10000,"A",if(AR18>=9000,"B",if(AR18>=8000,"C",if(AR18>=7000,"D",if(AR18>=5000,"E",if(AR18>=3000,"F","Z")))))))) -> F | AT18: 9 | AU18: 4 | AV18: 25 | AW18: =if(AS18="S",AT18*2.3+AU18*3.3+AV18*1,if(AS18="A",AT18*2+AU18*3+AV18*1,if(AS18="B",AT18*1.6+AU18*2.6+AV18*1,if(AS18="C",AT18*1.4+AU18*2.4+AV18*1,if(AS18="D",AT18*1.2+AU18*2.2+AV18*1,if(AS18="E",AT18*1+AU18*2+AV18*1,if(AS18="F",AT18*0.8+AU18*1.7+AV18*1,AT18*0.5+AU18*1.5+AV18*1))))))) -> 39 | AX18: 3662 | AY18: =if(AX18>=20000,"SS",if(AX18>=15000,"S",if(AX18>=10000,"A",if(AX18>=9000,"B",if(AX18>=8000,"C",if(AX18>=7000,"D",if(AX18>=5000,"E",if(AX18>=3000,"F","Z")))))))) -> F | AZ18: 12 | BA18: 3 | BB18: 30 | BC18: =if(AY18="S",AZ18*2.3+BA18*3.3+BB18*1,if(AY18="A",AZ18*2+BA18*3+BB18*1,if(AY18="B",AZ18*1.6+BA18*2.6+BB18*1,if(AY18="C",AZ18*1.4+BA18*2.4+BB18*1,if(AY18="D",AZ18*1.2+BA18*2.2+BB18*1,if(AY18="E",AZ18*1+BA18*2+BB18*1,if(AY18="F",AZ18*0.8+BA18*1.7+BB18*1,AZ18*0.5+BA18*1.5+BB18*1))))))) -> 44.7 | BD18: 3752 | BE18: =if(BD18>=20000,"SS",if(BD18>=15000,"S",if(BD18>=10000,"A",if(BD18>=9000,"B",if(BD18>=8000,"C",if(BD18>=7000,"D",if(BD18>=5000,"E",if(BD18>=3000,"F","Z")))))))) -> F | BI18: =if(BE18="S",BF18*2.3+BG18*3.3+BH18*1,if(BE18="A",BF18*2+BG18*3+BH18*1,if(BE18="B",BF18*1.6+BG18*2.6+BH18*1,if(BE18="C",BF18*1.4+BG18*2.4+BH18*1,if(BE18="D",BF18*1.2+BG18*2.2+BH18*1,if(BE18="E",BF18*1+BG18*2+BH18*1,if(BE18="F",BF18*0.8+BG18*1.7+BH18*1,BF18*0.5+BG18*1.5+BH18*1))))))) -> 0 | BJ18: =AW18+BC18+BI18 -> 83.7 | BK18: 1504 | BL18: =if(BK18>=20000,"SS",if(BK18>=15000,"S",if(BK18>=10000,"A",if(BK18>=9000,"B",if(BK18>=8000,"C",if(BK18>=7000,"D",if(BK18>=5000,"E",if(BK18>=3000,"F","Z")))))))) -> Z | BM18: 0 | BN18: 5 | BO18: 20 | BP18: =if(BL18="S",BM18*2.3+BN18*3.3+BO18*1,if(BL18="A",BM18*2+BN18*3+BO18*1,if(BL18="B",BM18*1.6+BN18*2.6+BO18*1,if(BL18="C",BM18*1.4+BN18*2.4+BO18*1,if(BL18="D",BM18*1.2+BN18*2.2+BO18*1,if(BL18="E",BM18*1+BN18*2+BO18*1,if(BL18="F",BM18*0.8+BN18*1.7+BO18*1,BM18*0.5+BN18*1.5+BO18*1))))))) -> 27.5 | BQ18: 1512 | BR18: =if(BQ18>=20000,"SS",if(BQ18>=15000,"S",if(BQ18>=10000,"A",if(BQ18>=9000,"B",if(BQ18>=8000,"C",if(BQ18>=7000,"D",if(BQ18>=5000,"E",if(BQ18>=3000,"F","Z")))))))) -> Z | BS18: 0 | BT18: 5 | BU18: 27 | BV18: =if(BR18="S",BS18*2.3+BT18*3.3+BU18*1,if(BR18="A",BS18*2+BT18*3+BU18*1,if(BR18="B",BS18*1.6+BT18*2.6+BU18*1,if(BR18="C",BS18*1.4+BT18*2.4+BU18*1,if(BR18="D",BS18*1.2+BT18*2.2+BU18*1,if(BR18="E",BS18*1+BT18*2+BU18*1,if(BR18="F",BS18*0.8+BT18*1.7+BU18*1,BS18*0.5+BT18*1.5+BU18*1))))))) -> 34.5 | BW18: 1569 | BX18: =if(BW18>=20000,"SS",if(BW18>=15000,"S",if(BW18>=10000,"A",if(BW18>=9000,"B",if(BW18>=8000,"C",if(BW18>=7000,"D",if(BW18>=5000,"E",if(BW18>=3000,"F","Z")))))))) -> Z | CB18: =if(BX18="S",BY18*2.3+BZ18*3.3+CA18*1,if(BX18="A",BY18*2+BZ18*3+CA18*1,if(BX18="B",BY18*1.6+BZ18*2.6+CA18*1,if(BX18="C",BY18*1.4+BZ18*2.4+CA18*1,if(BX18="D",BY18*1.2+BZ18*2.2+CA18*1,if(BX18="E",BY18*1+BZ18*2+CA18*1,if(BX18="F",BY18*0.8+BZ18*1.7+CA18*1,BY18*0.5+BZ18*1.5+CA18*1))))))) -> 0 | CC18: =BP18+BV18+CB18 -> 62 | CD18: =if(B18>=650,"¥1,800",if(B18>=600,"¥1,700",if(B18>=550,"¥1,600",if(B18>=400,"¥1,500",if(B18>=200,"¥1,250","¥1,000"))))) -> ¥1,250 | CF18: SNS | CG18: Instagram | CH18: 写真 | CI18: 動画 | CJ18: ストーリー | CK18: 得点 | CN18: 14 | CO18: 伊藤悠亜 | CP18: 148.5
A19: 中条舞結 | B19: =IF($A19="","",SUM(F19,M19,T19,V19,X19,Z19,AB19,AL19,AM19,AN19,AQ19,BJ19,CC19)) -> 149.5 | F19: =if(C19="○",30,if(C19="△",15,0))+if(D19="○",30,if(D19="△",15,0))+if(E19="○",30,if(E19="△",15,0)) -> 0 | M19: =IF($A19="","",((G19+I19+K19)*1)+((H19+J19+L19)*0.5)) -> 0 | T19: =IF($A19="","",(N19*10+P19*10+R19*10)+(O19*-10+Q19*-10+S19*-10)) -> 0 | V19: =IF($A19="","",(50-U19)) -> 50 | X19: =IF($A19="","",(W19*-50)) -> 0 | Z19: =if(Y19="",0,if(Y19="0",0,if(Y19="1",0,if(Y19>3,(Y19-2)*-20,0)))) -> 0 | AB19: =IF($A19="","",if(AA19<5,0,-50)) -> 0 | AL19: =IF($A19="","",(AC19*3+AD19*2+AE19*2)+(AF19*3+AG19*2+AH19*2)+(AI19*3+AJ19*2+AK19*2)) -> 0 | AO19: 20.3 | AP19: 23.5 | AQ19: =IF($A19="","",if(or(25>=AP19,20>=AO19),30,0)) -> 30 | AR19: 5681 | AS19: =if(AR19>=20000,"SS",if(AR19>=15000,"S",if(AR19>=10000,"A",if(AR19>=9000,"B",if(AR19>=8000,"C",if(AR19>=7000,"D",if(AR19>=5000,"E",if(AR19>=3000,"F","Z")))))))) -> E | AT19: 8 | AU19: 0 | AV19: 22 | AW19: =if(AS19="S",AT19*2.3+AU19*3.3+AV19*1,if(AS19="A",AT19*2+AU19*3+AV19*1,if(AS19="B",AT19*1.6+AU19*2.6+AV19*1,if(AS19="C",AT19*1.4+AU19*2.4+AV19*1,if(AS19="D",AT19*1.2+AU19*2.2+AV19*1,if(AS19="E",AT19*1+AU19*2+AV19*1,if(AS19="F",AT19*0.8+AU19*1.7+AV19*1,AT19*0.5+AU19*1.5+AV19*1))))))) -> 30 | AX19: 5670 | AY19: =if(AX19>=20000,"SS",if(AX19>=15000,"S",if(AX19>=10000,"A",if(AX19>=9000,"B",if(AX19>=8000,"C",if(AX19>=7000,"D",if(AX19>=5000,"E",if(AX19>=3000,"F","Z")))))))) -> E | AZ19: 7 | BA19: 1 | BB19: 29 | BC19: =if(AY19="S",AZ19*2.3+BA19*3.3+BB19*1,if(AY19="A",AZ19*2+BA19*3+BB19*1,if(AY19="B",AZ19*1.6+BA19*2.6+BB19*1,if(AY19="C",AZ19*1.4+BA19*2.4+BB19*1,if(AY19="D",AZ19*1.2+BA19*2.2+BB19*1,if(AY19="E",AZ19*1+BA19*2+BB19*1,if(AY19="F",AZ19*0.8+BA19*1.7+BB19*1,AZ19*0.5+BA19*1.5+BB19*1))))))) -> 38 | BD19: 5672 | BE19: =if(BD19>=20000,"SS",if(BD19>=15000,"S",if(BD19>=10000,"A",if(BD19>=9000,"B",if(BD19>=8000,"C",if(BD19>=7000,"D",if(BD19>=5000,"E",if(BD19>=3000,"F","Z")))))))) -> E | BI19: =if(BE19="S",BF19*2.3+BG19*3.3+BH19*1,if(BE19="A",BF19*2+BG19*3+BH19*1,if(BE19="B",BF19*1.6+BG19*2.6+BH19*1,if(BE19="C",BF19*1.4+BG19*2.4+BH19*1,if(BE19="D",BF19*1.2+BG19*2.2+BH19*1,if(BE19="E",BF19*1+BG19*2+BH19*1,if(BE19="F",BF19*0.8+BG19*1.7+BH19*1,BF19*0.5+BG19*1.5+BH19*1))))))) -> 0 | BJ19: =AW19+BC19+BI19 -> 68 | BK19: 23000 | BL19: =if(BK19>=20000,"SS",if(BK19>=15000,"S",if(BK19>=10000,"A",if(BK19>=9000,"B",if(BK19>=8000,"C",if(BK19>=7000,"D",if(BK19>=5000,"E",if(BK19>=3000,"F","Z")))))))) -> SS | BM19: 0 | BN19: 0 | BO19: 0 | BP19: =if(BL19="S",BM19*2.3+BN19*3.3+BO19*1,if(BL19="A",BM19*2+BN19*3+BO19*1,if(BL19="B",BM19*1.6+BN19*2.6+BO19*1,if(BL19="C",BM19*1.4+BN19*2.4+BO19*1,if(BL19="D",BM19*1.2+BN19*2.2+BO19*1,if(BL19="E",BM19*1+BN19*2+BO19*1,if(BL19="F",BM19*0.8+BN19*1.7+BO19*1,BM19*0.5+BN19*1.5+BO19*1))))))) -> 0 | BQ19: 23000 | BR19: =if(BQ19>=20000,"SS",if(BQ19>=15000,"S",if(BQ19>=10000,"A",if(BQ19>=9000,"B",if(BQ19>=8000,"C",if(BQ19>=7000,"D",if(BQ19>=5000,"E",if(BQ19>=3000,"F","Z")))))))) -> SS | BS19: 0 | BT19: 1 | BU19: 0 | BV19: =if(BR19="S",BS19*2.3+BT19*3.3+BU19*1,if(BR19="A",BS19*2+BT19*3+BU19*1,if(BR19="B",BS19*1.6+BT19*2.6+BU19*1,if(BR19="C",BS19*1.4+BT19*2.4+BU19*1,if(BR19="D",BS19*1.2+BT19*2.2+BU19*1,if(BR19="E",BS19*1+BT19*2+BU19*1,if(BR19="F",BS19*0.8+BT19*1.7+BU19*1,BS19*0.5+BT19*1.5+BU19*1))))))) -> 1.5 | BW19: 23000 | BX19: =if(BW19>=20000,"SS",if(BW19>=15000,"S",if(BW19>=10000,"A",if(BW19>=9000,"B",if(BW19>=8000,"C",if(BW19>=7000,"D",if(BW19>=5000,"E",if(BW19>=3000,"F","Z")))))))) -> SS | CB19: =if(BX19="S",BY19*2.3+BZ19*3.3+CA19*1,if(BX19="A",BY19*2+BZ19*3+CA19*1,if(BX19="B",BY19*1.6+BZ19*2.6+CA19*1,if(BX19="C",BY19*1.4+BZ19*2.4+CA19*1,if(BX19="D",BY19*1.2+BZ19*2.2+CA19*1,if(BX19="E",BY19*1+BZ19*2+CA19*1,if(BX19="F",BY19*0.8+BZ19*1.7+CA19*1,BY19*0.5+BZ19*1.5+CA19*1))))))) -> 0 | CC19: =BP19+BV19+CB19 -> 1.5 | CD19: =if(B19>=650,"¥1,800",if(B19>=600,"¥1,700",if(B19>=550,"¥1,600",if(B19>=400,"¥1,500",if(B19>=200,"¥1,250","¥1,000"))))) -> ¥1,000 | CG19: 11月 | CH19: =vlookup($CF$4,$A$5:$CD$49,46,false) -> 7 | CI19: =vlookup($CF$4,$A$5:$CD$49,47,false) -> 1 | CJ19: =vlookup($CF$4,$A$5:$CD$49,48,false) -> 4 | CK19: =vlookup($CF$4,$A$5:$CD$49,49,false) -> 9 | CN19: 15 | CO19: 藤瀬凪 | CP19: 135.5
A20: 津灘美希 | B20: =IF($A20="","",SUM(F20,M20,T20,V20,X20,Z20,AB20,AL20,AM20,AN20,AQ20,BJ20,CC20)) -> 38 | F20: =if(C20="○",30,if(C20="△",15,0))+if(D20="○",30,if(D20="△",15,0))+if(E20="○",30,if(E20="△",15,0)) -> 0 | M20: =IF($A20="","",((G20+I20+K20)*1)+((H20+J20+L20)*0.5)) -> 0 | T20: =IF($A20="","",(N20*10+P20*10+R20*10)+(O20*-10+Q20*-10+S20*-10)) -> 0 | V20: =IF($A20="","",(50-U20)) -> 50 | W20: 1 | X20: =IF($A20="","",(W20*-50)) -> -50 | Z20: =if(Y20="",0,if(Y20="0",0,if(Y20="1",0,if(Y20>3,(Y20-2)*-20,0)))) -> 0 | AA20: 4 | AB20: =IF($A20="","",if(AA20<5,0,-50)) -> 0 | AL20: =IF($A20="","",(AC20*3+AD20*2+AE20*2)+(AF20*3+AG20*2+AH20*2)+(AI20*3+AJ20*2+AK20*2)) -> 0 | AQ20: =IF($A20="","",if(or(25>=AP20,20>=AO20),30,0)) -> 30 | AR20: 1480 | AS20: =if(AR20>=20000,"SS",if(AR20>=15000,"S",if(AR20>=10000,"A",if(AR20>=9000,"B",if(AR20>=8000,"C",if(AR20>=7000,"D",if(AR20>=5000,"E",if(AR20>=3000,"F","Z")))))))) -> Z | AT20: 5 | AU20: 0 | AV20: 0 | AW20: =if(AS20="S",AT20*2.3+AU20*3.3+AV20*1,if(AS20="A",AT20*2+AU20*3+AV20*1,if(AS20="B",AT20*1.6+AU20*2.6+AV20*1,if(AS20="C",AT20*1.4+AU20*2.4+AV20*1,if(AS20="D",AT20*1.2+AU20*2.2+AV20*1,if(AS20="E",AT20*1+AU20*2+AV20*1,if(AS20="F",AT20*0.8+AU20*1.7+AV20*1,AT20*0.5+AU20*1.5+AV20*1))))))) -> 2.5 | AX20: 1485 | AY20: =if(AX20>=20000,"SS",if(AX20>=15000,"S",if(AX20>=10000,"A",if(AX20>=9000,"B",if(AX20>=8000,"C",if(AX20>=7000,"D",if(AX20>=5000,"E",if(AX20>=3000,"F","Z")))))))) -> Z | AZ20: 2 | BA20: 0 | BB20: 0 | BC20: =if(AY20="S",AZ20*2.3+BA20*3.3+BB20*1,if(AY20="A",AZ20*2+BA20*3+BB20*1,if(AY20="B",AZ20*1.6+BA20*2.6+BB20*1,if(AY20="C",AZ20*1.4+BA20*2.4+BB20*1,if(AY20="D",AZ20*1.2+BA20*2.2+BB20*1,if(AY20="E",AZ20*1+BA20*2+BB20*1,if(AY20="F",AZ20*0.8+BA20*1.7+BB20*1,AZ20*0.5+BA20*1.5+BB20*1))))))) -> 1 | BD20: 1474 | BE20: =if(BD20>=20000,"SS",if(BD20>=15000,"S",if(BD20>=10000,"A",if(BD20>=9000,"B",if(BD20>=8000,"C",if(BD20>=7000,"D",if(BD20>=5000,"E",if(BD20>=3000,"F","Z")))))))) -> Z | BI20: =if(BE20="S",BF20*2.3+BG20*3.3+BH20*1,if(BE20="A",BF20*2+BG20*3+BH20*1,if(BE20="B",BF20*1.6+BG20*2.6+BH20*1,if(BE20="C",BF20*1.4+BG20*2.4+BH20*1,if(BE20="D",BF20*1.2+BG20*2.2+BH20*1,if(BE20="E",BF20*1+BG20*2+BH20*1,if(BE20="F",BF20*0.8+BG20*1.7+BH20*1,BF20*0.5+BG20*1.5+BH20*1))))))) -> 0 | BJ20: =AW20+BC20+BI20 -> 3.5 | BK20: 109 | BL20: =if(BK20>=20000,"SS",if(BK20>=15000,"S",if(BK20>=10000,"A",if(BK20>=9000,"B",if(BK20>=8000,"C",if(BK20>=7000,"D",if(BK20>=5000,"E",if(BK20>=3000,"F","Z")))))))) -> Z | BM20: 0 | BN20: 2 | BO20: 0 | BP20: =if(BL20="S",BM20*2.3+BN20*3.3+BO20*1,if(BL20="A",BM20*2+BN20*3+BO20*1,if(BL20="B",BM20*1.6+BN20*2.6+BO20*1,if(BL20="C",BM20*1.4+BN20*2.4+BO20*1,if(BL20="D",BM20*1.2+BN20*2.2+BO20*1,if(BL20="E",BM20*1+BN20*2+BO20*1,if(BL20="F",BM20*0.8+BN20*1.7+BO20*1,BM20*0.5+BN20*1.5+BO20*1))))))) -> 3 | BQ20: 114 | BR20: =if(BQ20>=20000,"SS",if(BQ20>=15000,"S",if(BQ20>=10000,"A",if(BQ20>=9000,"B",if(BQ20>=8000,"C",if(BQ20>=7000,"D",if(BQ20>=5000,"E",if(BQ20>=3000,"F","Z")))))))) -> Z | BS20: 0 | BT20: 1 | BU20: 0 | BV20: =if(BR20="S",BS20*2.3+BT20*3.3+BU20*1,if(BR20="A",BS20*2+BT20*3+BU20*1,if(BR20="B",BS20*1.6+BT20*2.6+BU20*1,if(BR20="C",BS20*1.4+BT20*2.4+BU20*1,if(BR20="D",BS20*1.2+BT20*2.2+BU20*1,if(BR20="E",BS20*1+BT20*2+BU20*1,if(BR20="F",BS20*0.8+BT20*1.7+BU20*1,BS20*0.5+BT20*1.5+BU20*1))))))) -> 1.5 | BW20: 115 | BX20: =if(BW20>=20000,"SS",if(BW20>=15000,"S",if(BW20>=10000,"A",if(BW20>=9000,"B",if(BW20>=8000,"C",if(BW20>=7000,"D",if(BW20>=5000,"E",if(BW20>=3000,"F","Z")))))))) -> Z | CB20: =if(BX20="S",BY20*2.3+BZ20*3.3+CA20*1,if(BX20="A",BY20*2+BZ20*3+CA20*1,if(BX20="B",BY20*1.6+BZ20*2.6+CA20*1,if(BX20="C",BY20*1.4+BZ20*2.4+CA20*1,if(BX20="D",BY20*1.2+BZ20*2.2+CA20*1,if(BX20="E",BY20*1+BZ20*2+CA20*1,if(BX20="F",BY20*0.8+BZ20*1.7+CA20*1,BY20*0.5+BZ20*1.5+CA20*1))))))) -> 0 | CC20: =BP20+BV20+CB20 -> 4.5 | CD20: =if(B20>=650,"¥1,800",if(B20>=600,"¥1,700",if(B20>=550,"¥1,600",if(B20>=400,"¥1,500",if(B20>=200,"¥1,250","¥1,000"))))) -> ¥1,000 | CG20: 12月 | CH20: =vlookup($CF$4,$A$5:$CD$49,52,false) -> 4 | CI20: =vlookup($CF$4,$A$5:$CD$49,53,false) -> 1 | CJ20: =vlookup($CF$4,$A$5:$CD$49,54,false) -> 20 | CK20: =vlookup($CF$4,$A$5:$CD$49,55,false) -> 23.5 | CN20: 16 | CO20: 須賀あいみ | CP20: 122
A21: 七瀬亜美 | B21: =IF($A21="","",SUM(F21,M21,T21,V21,X21,Z21,AB21,AL21,AM21,AN21,AQ21,BJ21,CC21)) -> 193.5 | F21: =if(C21="○",30,if(C21="△",15,0))+if(D21="○",30,if(D21="△",15,0))+if(E21="○",30,if(E21="△",15,0)) -> 0 | M21: =IF($A21="","",((G21+I21+K21)*1)+((H21+J21+L21)*0.5)) -> 0 | T21: =IF($A21="","",(N21*10+P21*10+R21*10)+(O21*-10+Q21*-10+S21*-10)) -> 0 | V21: =IF($A21="","",(50-U21)) -> 50 | X21: =IF($A21="","",(W21*-50)) -> 0 | Y21: 1 | Z21: =if(Y21="",0,if(Y21="0",0,if(Y21="1",0,if(Y21>3,(Y21-2)*-20,0)))) -> 0 | AB21: =IF($A21="","",if(AA21<5,0,-50)) -> 0 | AL21: =IF($A21="","",(AC21*3+AD21*2+AE21*2)+(AF21*3+AG21*2+AH21*2)+(AI21*3+AJ21*2+AK21*2)) -> 0 | AQ21: =IF($A21="","",if(or(25>=AP21,20>=AO21),30,0)) -> 30 | AR21: 1920 | AS21: =if(AR21>=20000,"SS",if(AR21>=15000,"S",if(AR21>=10000,"A",if(AR21>=9000,"B",if(AR21>=8000,"C",if(AR21>=7000,"D",if(AR21>=5000,"E",if(AR21>=3000,"F","Z")))))))) -> Z | AT21: 9 | AU21: 2 | AV21: 25 | AW21: =if(AS21="S",AT21*2.3+AU21*3.3+AV21*1,if(AS21="A",AT21*2+AU21*3+AV21*1,if(AS21="B",AT21*1.6+AU21*2.6+AV21*1,if(AS21="C",AT21*1.4+AU21*2.4+AV21*1,if(AS21="D",AT21*1.2+AU21*2.2+AV21*1,if(AS21="E",AT21*1+AU21*2+AV21*1,if(AS21="F",AT21*0.8+AU21*1.7+AV21*1,AT21*0.5+AU21*1.5+AV21*1))))))) -> 32.5 | AX21: 2008 | AY21: =if(AX21>=20000,"SS",if(AX21>=15000,"S",if(AX21>=10000,"A",if(AX21>=9000,"B",if(AX21>=8000,"C",if(AX21>=7000,"D",if(AX21>=5000,"E",if(AX21>=3000,"F","Z")))))))) -> Z | AZ21: 4 | BA21: 1 | BB21: 28 | BC21: =if(AY21="S",AZ21*2.3+BA21*3.3+BB21*1,if(AY21="A",AZ21*2+BA21*3+BB21*1,if(AY21="B",AZ21*1.6+BA21*2.6+BB21*1,if(AY21="C",AZ21*1.4+BA21*2.4+BB21*1,if(AY21="D",AZ21*1.2+BA21*2.2+BB21*1,if(AY21="E",AZ21*1+BA21*2+BB21*1,if(AY21="F",AZ21*0.8+BA21*1.7+BB21*1,AZ21*0.5+BA21*1.5+BB21*1))))))) -> 31.5 | BD21: 2066 | BE21: =if(BD21>=20000,"SS",if(BD21>=15000,"S",if(BD21>=10000,"A",if(BD21>=9000,"B",if(BD21>=8000,"C",if(BD21>=7000,"D",if(BD21>=5000,"E",if(BD21>=3000,"F","Z")))))))) -> Z | BI21: =if(BE21="S",BF21*2.3+BG21*3.3+BH21*1,if(BE21="A",BF21*2+BG21*3+BH21*1,if(BE21="B",BF21*1.6+BG21*2.6+BH21*1,if(BE21="C",BF21*1.4+BG21*2.4+BH21*1,if(BE21="D",BF21*1.2+BG21*2.2+BH21*1,if(BE21="E",BF21*1+BG21*2+BH21*1,if(BE21="F",BF21*0.8+BG21*1.7+BH21*1,BF21*0.5+BG21*1.5+BH21*1))))))) -> 0 | BJ21: =AW21+BC21+BI21 -> 64 | BK21: 738 | BL21: =if(BK21>=20000,"SS",if(BK21>=15000,"S",if(BK21>=10000,"A",if(BK21>=9000,"B",if(BK21>=8000,"C",if(BK21>=7000,"D",if(BK21>=5000,"E",if(BK21>=3000,"F","Z")))))))) -> Z | BM21: 0 | BN21: 2 | BO21: 22 | BP21: =if(BL21="S",BM21*2.3+BN21*3.3+BO21*1,if(BL21="A",BM21*2+BN21*3+BO21*1,if(BL21="B",BM21*1.6+BN21*2.6+BO21*1,if(BL21="C",BM21*1.4+BN21*2.4+BO21*1,if(BL21="D",BM21*1.2+BN21*2.2+BO21*1,if(BL21="E",BM21*1+BN21*2+BO21*1,if(BL21="F",BM21*0.8+BN21*1.7+BO21*1,BM21*0.5+BN21*1.5+BO21*1))))))) -> 25 | BQ21: 825 | BR21: =if(BQ21>=20000,"SS",if(BQ21>=15000,"S",if(BQ21>=10000,"A",if(BQ21>=9000,"B",if(BQ21>=8000,"C",if(BQ21>=7000,"D",if(BQ21>=5000,"E",if(BQ21>=3000,"F","Z")))))))) -> Z | BS21: 0 | BT21: 3 | BU21: 20 | BV21: =if(BR21="S",BS21*2.3+BT21*3.3+BU21*1,if(BR21="A",BS21*2+BT21*3+BU21*1,if(BR21="B",BS21*1.6+BT21*2.6+BU21*1,if(BR21="C",BS21*1.4+BT21*2.4+BU21*1,if(BR21="D",BS21*1.2+BT21*2.2+BU21*1,if(BR21="E",BS21*1+BT21*2+BU21*1,if(BR21="F",BS21*0.8+BT21*1.7+BU21*1,BS21*0.5+BT21*1.5+BU21*1))))))) -> 24.5 | BW21: 960 | BX21: =if(BW21>=20000,"SS",if(BW21>=15000,"S",if(BW21>=10000,"A",if(BW21>=9000,"B",if(BW21>=8000,"C",if(BW21>=7000,"D",if(BW21>=5000,"E",if(BW21>=3000,"F","Z")))))))) -> Z | CB21: =if(BX21="S",BY21*2.3+BZ21*3.3+CA21*1,if(BX21="A",BY21*2+BZ21*3+CA21*1,if(BX21="B",BY21*1.6+BZ21*2.6+CA21*1,if(BX21="C",BY21*1.4+BZ21*2.4+CA21*1,if(BX21="D",BY21*1.2+BZ21*2.2+CA21*1,if(BX21="E",BY21*1+BZ21*2+CA21*1,if(BX21="F",BY21*0.8+BZ21*1.7+CA21*1,BY21*0.5+BZ21*1.5+CA21*1))))))) -> 0 | CC21: =BP21+BV21+CB21 -> 49.5 | CD21: =if(B21>=650,"¥1,800",if(B21>=600,"¥1,700",if(B21>=550,"¥1,600",if(B21>=400,"¥1,500",if(B21>=200,"¥1,250","¥1,000"))))) -> ¥1,000 | CG21: 1月 | CH21: =vlookup($CF$4,$A$5:$CD$49,58,false) | CI21: =vlookup($CF$4,$A$5:$CD$49,59,false) | CJ21: =vlookup($CF$4,$A$5:$CD$49,60,false) | CK21: =vlookup($CF$4,$A$5:$CD$49,61,false) -> 0 | CN21: 17 | CO21: 市川陽菜 | CP21: 120.5
A22: 市川陽菜 | B22: =IF($A22="","",SUM(F22,M22,T22,V22,X22,Z22,AB22,AL22,AM22,AN22,AQ22,BJ22,CC22)) -> 120.5 | F22: =if(C22="○",30,if(C22="△",15,0))+if(D22="○",30,if(D22="△",15,0))+if(E22="○",30,if(E22="△",15,0)) -> 0 | M22: =IF($A22="","",((G22+I22+K22)*1)+((H22+J22+L22)*0.5)) -> 0 | T22: =IF($A22="","",(N22*10+P22*10+R22*10)+(O22*-10+Q22*-10+S22*-10)) -> 0 | V22: =IF($A22="","",(50-U22)) -> 50 | X22: =IF($A22="","",(W22*-50)) -> 0 | Y22: 1 | Z22: =if(Y22="",0,if(Y22="0",0,if(Y22="1",0,if(Y22>3,(Y22-2)*-20,0)))) -> 0 | AB22: =IF($A22="","",if(AA22<5,0,-50)) -> 0 | AL22: =IF($A22="","",(AC22*3+AD22*2+AE22*2)+(AF22*3+AG22*2+AH22*2)+(AI22*3+AJ22*2+AK22*2)) -> 0 | AO22: 18.7 | AP22: 26.1 | AQ22: =IF($A22="","",if(or(25>=AP22,20>=AO22),30,0)) -> 30 | AR22: 1717 | AS22: =if(AR22>=20000,"SS",if(AR22>=15000,"S",if(AR22>=10000,"A",if(AR22>=9000,"B",if(AR22>=8000,"C",if(AR22>=7000,"D",if(AR22>=5000,"E",if(AR22>=3000,"F","Z")))))))) -> Z | AT22: 6 | AU22: 0 | AV22: 13 | AW22: =if(AS22="S",AT22*2.3+AU22*3.3+AV22*1,if(AS22="A",AT22*2+AU22*3+AV22*1,if(AS22="B",AT22*1.6+AU22*2.6+AV22*1,if(AS22="C",AT22*1.4+AU22*2.4+AV22*1,if(AS22="D",AT22*1.2+AU22*2.2+AV22*1,if(AS22="E",AT22*1+AU22*2+AV22*1,if(AS22="F",AT22*0.8+AU22*1.7+AV22*1,AT22*0.5+AU22*1.5+AV22*1))))))) -> 16 | AX22: 1740 | AY22: =if(AX22>=20000,"SS",if(AX22>=15000,"S",if(AX22>=10000,"A",if(AX22>=9000,"B",if(AX22>=8000,"C",if(AX22>=7000,"D",if(AX22>=5000,"E",if(AX22>=3000,"F","Z")))))))) -> Z | AZ22: 2 | BA22: 2 | BB22: 0 | BC22: =if(AY22="S",AZ22*2.3+BA22*3.3+BB22*1,if(AY22="A",AZ22*2+BA22*3+BB22*1,if(AY22="B",AZ22*1.6+BA22*2.6+BB22*1,if(AY22="C",AZ22*1.4+BA22*2.4+BB22*1,if(AY22="D",AZ22*1.2+BA22*2.2+BB22*1,if(AY22="E",AZ22*1+BA22*2+BB22*1,if(AY22="F",AZ22*0.8+BA22*1.7+BB22*1,AZ22*0.5+BA22*1.5+BB22*1))))))) -> 4 | BD22: 1752 | BE22: =if(BD22>=20000,"SS",if(BD22>=15000,"S",if(BD22>=10000,"A",if(BD22>=9000,"B",if(BD22>=8000,"C",if(BD22>=7000,"D",if(BD22>=5000,"E",if(BD22>=3000,"F","Z")))))))) -> Z | BI22: =if(BE22="S",BF22*2.3+BG22*3.3+BH22*1,if(BE22="A",BF22*2+BG22*3+BH22*1,if(BE22="B",BF22*1.6+BG22*2.6+BH22*1,if(BE22="C",BF22*1.4+BG22*2.4+BH22*1,if(BE22="D",BF22*1.2+BG22*2.2+BH22*1,if(BE22="E",BF22*1+BG22*2+BH22*1,if(BE22="F",BF22*0.8+BG22*1.7+BH22*1,BF22*0.5+BG22*1.5+BH22*1))))))) -> 0 | BJ22: =AW22+BC22+BI22 -> 20 | BK22: 152 | BL22: =if(BK22>=20000,"SS",if(BK22>=15000,"S",if(BK22>=10000,"A",if(BK22>=9000,"B",if(BK22>=8000,"C",if(BK22>=7000,"D",if(BK22>=5000,"E",if(BK22>=3000,"F","Z")))))))) -> Z | BM22: 0 | BN22: 5 | BO22: 7 | BP22: =if(BL22="S",BM22*2.3+BN22*3.3+BO22*1,if(BL22="A",BM22*2+BN22*3+BO22*1,if(BL22="B",BM22*1.6+BN22*2.6+BO22*1,if(BL22="C",BM22*1.4+BN22*2.4+BO22*1,if(BL22="D",BM22*1.2+BN22*2.2+BO22*1,if(BL22="E",BM22*1+BN22*2+BO22*1,if(BL22="F",BM22*0.8+BN22*1.7+BO22*1,BM22*0.5+BN22*1.5+BO22*1))))))) -> 14.5 | BQ22: 205 | BR22: =if(BQ22>=20000,"SS",if(BQ22>=15000,"S",if(BQ22>=10000,"A",if(BQ22>=9000,"B",if(BQ22>=8000,"C",if(BQ22>=7000,"D",if(BQ22>=5000,"E",if(BQ22>=3000,"F","Z")))))))) -> Z | BS22: 0 | BT22: 4 | BU22: 0 | BV22: =if(BR22="S",BS22*2.3+BT22*3.3+BU22*1,if(BR22="A",BS22*2+BT22*3+BU22*1,if(BR22="B",BS22*1.6+BT22*2.6+BU22*1,if(BR22="C",BS22*1.4+BT22*2.4+BU22*1,if(BR22="D",BS22*1.2+BT22*2.2+BU22*1,if(BR22="E",BS22*1+BT22*2+BU22*1,if(BR22="F",BS22*0.8+BT22*1.7+BU22*1,BS22*0.5+BT22*1.5+BU22*1))))))) -> 6 | BW22: 231 | BX22: =if(BW22>=20000,"SS",if(BW22>=15000,"S",if(BW22>=10000,"A",if(BW22>=9000,"B",if(BW22>=8000,"C",if(BW22>=7000,"D",if(BW22>=5000,"E",if(BW22>=3000,"F","Z")))))))) -> Z | CB22: =if(BX22="S",BY22*2.3+BZ22*3.3+CA22*1,if(BX22="A",BY22*2+BZ22*3+CA22*1,if(BX22="B",BY22*1.6+BZ22*2.6+CA22*1,if(BX22="C",BY22*1.4+BZ22*2.4+CA22*1,if(BX22="D",BY22*1.2+BZ22*2.2+CA22*1,if(BX22="E",BY22*1+BZ22*2+CA22*1,if(BX22="F",BY22*0.8+BZ22*1.7+CA22*1,BY22*0.5+BZ22*1.5+CA22*1))))))) -> 0 | CC22: =BP22+BV22+CB22 -> 20.5 | CD22: =if(B22>=650,"¥1,800",if(B22>=600,"¥1,700",if(B22>=550,"¥1,600",if(B22>=400,"¥1,500",if(B22>=200,"¥1,250","¥1,000"))))) -> ¥1,000 | CF22: SNS | CG22: TikTok | CH22: 写真 | CI22: 動画 | CJ22: ストーリー | CK22: 得点 | CN22: 18 | CO22: 木戸つかさ | CP22: 115
